CustomerID,Recency,Frequency,Monetary,R_score,F_score,M_score,RFM_Score,Segment
12346,5734,1,77183.6,1,1,5,115,Hibernating
12347,5592,3,1494.16,4,4,5,445,Loyal Customers
12348,5657,2,594.44,2,3,3,233,At-Risk
12350,5719,1,334.4,1,1,2,112,Hibernating
12352,5671,5,1561.81,2,5,5,255,Cannot Lose Them
12353,5613,1,89.0,3,1,1,311,About to Sleep
12354,5641,1,1079.4,2,1,4,214,Hibernating
12355,5623,1,459.4,3,1,3,313,About to Sleep
12356,5654,2,2753.08,2,3,5,235,At-Risk
12359,5598,3,3495.73,4,4,5,445,Loyal Customers
12360,5609,1,1083.58,3,1,4,314,About to Sleep
12361,5696,1,189.9,1,1,1,111,Hibernating
12362,5634,2,974.34,2,3,4,234,At-Risk
12363,5651,1,299.1,2,1,2,212,Hibernating
12365,5700,2,641.38,1,3,3,133,At-Risk
12370,5683,1,938.39,1,1,4,114,Hibernating
12372,5621,2,914.92,3,3,4,334,Need Attention
12373,5720,1,364.6,1,1,3,113,Hibernating
12377,5724,1,626.6,1,1,3,113,Hibernating
12379,5579,1,459.84,5,1,3,513,New Customers
12380,5594,1,607.55,4,1,3,413,Promising
12383,5593,4,1249.84,4,5,4,454,Loyal Customers
12386,5746,1,143.0,1,1,1,111,Hibernating
12388,5684,3,766.25,1,4,4,144,At-Risk
12393,5654,3,1061.1,2,4,4,244,At-Risk
12394,5626,1,381.08,3,1,3,313,About to Sleep
12395,5571,5,1053.7,5,5,4,554,Champions
12399,5592,3,899.03,4,4,4,444,Loyal Customers
12401,5712,1,84.3,1,1,1,111,Hibernating
12402,5732,1,225.6,1,1,2,112,Hibernating
12406,5592,1,1621.25,4,1,5,415,Promising
12407,5644,2,495.96,2,3,3,233,At-Risk
12408,5584,3,1491.77,5,4,5,545,Champions
12409,5591,1,6207.08,4,1,5,415,Promising
12410,5717,2,693.33,1,3,4,134,At-Risk
12412,5578,1,514.5,5,1,3,513,New Customers
12413,5645,2,563.9,2,3,3,233,At-Risk
12414,5626,3,562.41,3,4,3,343,Loyal Customers
12415,5586,9,74310.71,5,5,5,555,Champions
12417,5596,4,1606.93,4,5,5,455,Loyal Customers
12421,5582,2,396.8,5,3,3,533,Potential Loyalists
12422,5577,2,655.86,5,3,3,533,Potential Loyalists
12423,5600,5,1213.76,4,5,4,454,Loyal Customers
12424,5571,2,1760.96,5,3,5,535,Potential Loyalists
12426,5603,1,582.73,4,1,3,413,Promising
12428,5651,6,6310.54,2,5,5,255,Cannot Lose Them
12429,5581,2,1563.38,5,3,5,535,Potential Loyalists
12431,5609,5,2384.58,3,5,5,355,Loyal Customers
12432,5579,3,4016.66,5,4,5,545,Champions
12434,5669,1,286.25,2,1,2,212,Hibernating
12435,5676,1,3978.99,2,1,5,215,Hibernating
12437,5586,9,2476.73,5,5,5,555,Champions
12444,5580,1,1870.2,5,1,5,515,New Customers
12447,5652,1,476.49,2,1,3,213,Hibernating
12449,5596,1,858.93,4,1,4,414,Promising
12450,5582,1,101.88,5,1,1,511,New Customers
12451,5627,2,5307.82,3,3,5,335,Need Attention
12455,5598,3,1963.3,4,4,5,445,Loyal Customers
12456,5663,1,940.17,2,1,4,214,Hibernating
12457,5642,3,1067.25,2,4,4,244,At-Risk
12458,5693,1,441.92,1,1,3,113,Hibernating
12462,5712,1,762.11,1,1,4,114,Hibernating
12463,5584,3,985.79,5,4,4,544,Champions
12464,5609,4,544.85,3,5,3,353,Loyal Customers
12465,5578,1,440.94,5,1,3,513,New Customers
12468,5596,2,729.54,4,3,4,434,Potential Loyalists
12471,5619,9,4522.96,3,5,5,355,Loyal Customers
12472,5588,3,2684.2,4,4,5,445,Loyal Customers
12473,5600,1,672.19,4,1,4,414,Promising
12474,5575,10,3191.14,5,5,5,555,Champions
12476,5627,4,2432.65,3,5,5,355,Loyal Customers
12477,5648,2,4576.97,2,3,5,235,At-Risk
12480,5676,2,1587.27,2,3,5,235,At-Risk
12481,5588,6,3310.42,4,5,5,455,Loyal Customers
12483,5592,5,1314.61,4,5,5,455,Loyal Customers
12484,5585,2,2276.66,5,3,5,535,Potential Loyalists
12489,5745,1,334.93,1,1,2,112,Hibernating
12490,5581,3,1679.78,5,4,5,545,Champions
12493,5574,2,433.74,5,3,3,533,Potential Loyalists
12494,5605,2,653.09,4,3,3,433,Potential Loyalists
12500,5577,5,1395.84,5,5,5,555,Champions
12501,5745,1,2169.39,1,1,5,115,Hibernating
12502,5626,3,1842.65,3,4,5,345,Loyal Customers
12506,5641,1,73.5,2,1,1,211,Hibernating
12507,5707,1,446.16,1,1,3,113,Hibernating
12509,5693,1,176.5,1,1,1,111,Hibernating
12510,5734,1,681.05,1,1,4,114,Hibernating
12514,5676,1,1017.68,2,1,4,214,Hibernating
12516,5589,1,583.2,4,1,3,413,Promising
12517,5599,1,766.95,4,1,4,414,Promising
12520,5613,3,1697.56,3,4,5,345,Loyal Customers
12523,5661,4,500.19,2,5,3,253,Cannot Lose Them
12524,5571,6,3122.48,5,5,5,555,Champions
12527,5703,2,284.92,1,3,2,132,At-Risk
12528,5685,2,771.66,1,3,4,134,At-Risk
12530,5642,2,805.0,2,3,4,234,At-Risk
12535,5595,1,371.45,4,1,3,413,Promising
12539,5671,3,4517.69,2,4,5,245,At-Risk
12540,5595,6,5621.51,4,5,5,455,Loyal Customers
12541,5582,2,536.14,5,3,3,533,Potential Loyalists
12545,5668,1,628.15,2,1,3,213,Hibernating
12547,5606,2,207.8,4,3,2,432,Potential Loyalists
12548,5575,1,95.2,5,1,1,511,New Customers
12553,5613,5,1734.62,3,5,5,355,Loyal Customers
12557,5665,2,4234.62,2,3,5,235,At-Risk
12559,5719,2,561.71,1,3,3,133,At-Risk
12561,5711,1,238.85,1,1,2,112,Hibernating
12562,5585,2,955.23,5,3,4,534,Potential Loyalists
12564,5670,1,456.9,2,1,3,213,Hibernating
12565,5697,1,145.92,1,1,1,111,Hibernating
12567,5588,5,4164.72,4,5,5,455,Loyal Customers
12569,5571,7,1401.74,5,5,5,555,Champions
12573,5636,1,160.54,2,1,1,211,Hibernating
12574,5724,1,218.45,1,1,2,112,Hibernating
12576,5627,2,421.65,3,3,3,333,Need Attention
12578,5739,1,1608.66,1,1,5,115,Hibernating
12580,5655,1,415.7,2,1,3,213,Hibernating
12582,5647,2,511.36,2,3,3,233,At-Risk
12583,5580,6,2804.01,5,5,5,555,Champions
12584,5594,2,622.74,4,3,3,433,Potential Loyalists
12585,5643,1,777.25,2,1,4,214,Hibernating
12590,5620,2,9864.26,3,3,5,335,Need Attention
12591,5726,1,452.85,1,1,3,113,Hibernating
12592,5622,1,231.8,3,1,2,312,About to Sleep
12593,5627,1,236.0,3,1,2,312,About to Sleep
12594,5592,7,1807.95,4,5,5,455,Loyal Customers
12596,5651,1,269.95,2,1,2,212,Hibernating
12597,5592,2,1428.81,4,3,5,435,Potential Loyalists
12598,5629,3,1285.74,3,4,4,344,Loyal Customers
12599,5573,4,598.14,5,5,3,553,Champions
12600,5613,4,1041.16,3,5,4,354,Loyal Customers
12601,5598,5,577.06,4,5,3,453,Loyal Customers
12604,5670,1,178.5,2,1,1,211,Hibernating
12609,5595,2,800.73,4,3,4,434,Potential Loyalists
12613,5606,4,1462.52,4,5,5,455,Loyal Customers
12614,5686,1,315.6,1,1,2,112,Hibernating
12615,5577,1,634.74,5,1,3,513,New Customers
12616,5706,1,255.6,1,1,2,112,Hibernating
12619,5643,2,631.66,2,3,3,233,At-Risk
12620,5613,1,561.66,3,1,3,313,About to Sleep
12621,5585,10,6655.52,5,5,5,555,Champions
12622,5641,1,180.1,2,1,1,211,Hibernating
12623,5685,1,305.1,1,1,2,112,Hibernating
12624,5586,1,299.94,5,1,2,512,New Customers
12625,5620,2,2683.82,3,3,5,335,Need Attention
12626,5571,3,2088.84,5,4,5,545,Champions
12633,5605,2,1729.55,4,3,5,435,Potential Loyalists
12637,5648,4,2391.75,2,5,5,255,Cannot Lose Them
12639,5647,1,486.1,2,1,3,213,Hibernating
12643,5581,5,2142.42,5,5,5,555,Champions
12645,5628,2,798.9,3,3,4,334,Need Attention
12647,5608,3,1108.71,3,4,4,344,Loyal Customers
12649,5621,1,375.0,3,1,3,313,About to Sleep
12651,5743,1,114.0,1,1,1,111,Hibernating
12652,5740,1,919.98,1,1,4,114,Hibernating
12653,5705,1,779.1,1,1,4,114,Hibernating
12654,5606,3,337.75,4,4,2,442,Loyal Customers
12656,5612,2,1659.6,3,3,5,335,Need Attention
12662,5596,4,1576.6,4,5,5,455,Loyal Customers
12664,5641,2,1303.58,2,3,4,234,At-Risk
12665,5733,1,63.0,1,1,1,111,Hibernating
12668,5668,2,2454.6,2,3,5,235,At-Risk
12669,5657,2,2272.6,2,3,5,235,At-Risk
12670,5608,2,1026.39,3,3,4,334,Need Attention
12672,5738,1,225.9,1,1,2,112,Hibernating
12673,5735,1,220.9,1,1,2,112,Hibernating
12674,5579,2,976.8,5,3,4,534,Potential Loyalists
12676,5599,3,828.95,4,4,4,444,Loyal Customers
12678,5596,4,5670.08,4,5,5,455,Loyal Customers
12679,5614,2,906.38,3,3,4,334,Need Attention
12681,5596,11,6636.73,4,5,5,455,Loyal Customers
12682,5586,11,4987.09,5,5,5,555,Champions
12683,5593,8,4023.85,4,5,5,455,Loyal Customers
12684,5579,4,1379.48,5,5,5,555,Champions
12690,5614,1,389.01,3,1,3,313,About to Sleep
12691,5727,2,226.2,1,3,2,132,At-Risk
12693,5620,3,630.77,3,4,3,343,Loyal Customers
12694,5592,1,439.5,4,1,3,413,Promising
12695,5619,1,89.25,3,1,1,311,About to Sleep
12697,5578,1,390.5,5,1,3,513,New Customers
12700,5624,1,1092.43,3,1,4,314,About to Sleep
12701,5651,1,337.08,2,1,2,212,Hibernating
12704,5578,1,329.56,5,1,2,512,New Customers
12705,5610,2,2306.1,3,3,5,335,Need Attention
12707,5700,1,603.42,1,1,3,113,Hibernating
12708,5588,5,1431.5,4,5,5,455,Loyal Customers
12709,5599,6,3837.44,4,5,5,455,Loyal Customers
12710,5610,1,718.96,3,1,4,314,About to Sleep
12712,5591,7,2424.25,4,5,5,455,Loyal Customers
12714,5588,3,2275.18,4,4,5,445,Loyal Customers
12717,5654,1,609.74,2,1,3,213,Hibernating
12720,5578,9,1961.57,5,5,5,555,Champions
12721,5592,3,1412.31,4,4,5,445,Loyal Customers
12724,5582,2,280.36,5,3,2,532,Potential Loyalists
12726,5593,4,1297.04,4,5,4,454,Loyal Customers
12727,5596,5,2800.4,4,5,5,455,Loyal Customers
12728,5666,3,617.31,2,4,3,243,At-Risk
12731,5584,6,8517.77,5,5,5,555,Champions
12732,5588,1,236.26,4,1,2,412,Promising
12733,5643,1,383.95,2,1,3,213,Hibernating
12735,5724,2,779.57,1,3,4,134,At-Risk
12736,5741,1,234.0,1,1,2,112,Hibernating
12744,5657,4,10262.65,2,5,5,255,Cannot Lose Them
12747,5573,5,1761.43,5,5,5,555,Champions
12748,5571,67,7328.91,5,5,5,555,Champions
12749,5622,1,859.1,3,1,4,314,About to Sleep
12753,5657,3,9349.92,2,4,5,245,At-Risk
12754,5644,3,3010.74,2,4,5,245,At-Risk
12755,5689,1,17.55,1,1,1,111,Hibernating
12757,5594,6,4445.43,4,5,5,455,Loyal Customers
12758,5685,1,1570.19,1,1,5,115,Hibernating
12759,5580,2,1082.52,5,3,4,534,Potential Loyalists
12764,5725,1,1693.88,1,1,5,115,Hibernating
12766,5649,3,2866.42,2,4,5,245,At-Risk
12769,5647,1,1143.6,2,1,4,214,Hibernating
12770,5619,1,1351.45,3,1,5,315,About to Sleep
12775,5598,4,1164.68,4,5,4,454,Loyal Customers
12778,5592,4,492.06,4,5,3,453,Loyal Customers
12779,5598,6,2751.25,4,5,5,455,Loyal Customers
12781,5693,1,549.26,1,1,3,113,Hibernating
12782,5662,2,1099.45,2,3,4,234,At-Risk
12787,5601,1,158.1,4,1,1,411,Promising
12790,5601,1,324.92,4,1,2,412,Promising
12792,5665,1,400.54,2,1,3,213,Hibernating
12793,5743,1,413.68,1,1,3,113,Hibernating
12798,5579,1,1607.04,5,1,5,515,New Customers
12802,5595,1,427.58,4,1,3,413,Promising
12808,5593,1,151.95,4,1,1,411,Promising
12809,5586,1,489.31,5,1,3,513,New Customers
12811,5669,3,514.85,2,4,3,243,At-Risk
12815,5607,1,615.36,4,1,3,413,Promising
12816,5585,1,318.65,5,1,2,512,New Customers
12817,5690,1,166.04,1,1,1,111,Hibernating
12818,5670,1,1542.08,2,1,5,215,Hibernating
12820,5735,1,170.46,1,1,1,111,Hibernating
12821,5623,1,92.72,3,1,1,311,About to Sleep
12823,5663,3,994.5,2,4,4,244,At-Risk
12826,5587,3,663.62,4,4,3,443,Loyal Customers
12829,5745,1,207.25,1,1,2,112,Hibernating
12830,5580,1,2221.84,5,1,5,515,New Customers
12831,5671,1,215.05,2,1,2,212,Hibernating
12834,5691,1,312.38,1,1,2,112,Hibernating
12836,5628,2,1661.4,3,3,5,335,Need Attention
12837,5582,1,134.1,5,1,1,511,New Customers
12839,5592,3,962.92,4,4,4,444,Loyal Customers
12840,5591,3,2150.77,4,4,5,445,Loyal Customers
12841,5589,11,1655.0,4,5,5,455,Loyal Customers
12842,5717,1,310.73,1,1,2,112,Hibernating
12843,5577,6,1398.01,5,5,5,555,Champions
12845,5676,4,354.09,2,5,2,252,Cannot Lose Them
12849,5677,1,704.5,1,1,4,114,Hibernating
12852,5703,1,311.55,1,1,2,112,Hibernating
12853,5648,3,885.0,2,4,4,244,At-Risk
12854,5650,2,810.37,2,3,4,234,At-Risk
12857,5619,2,1106.4,3,3,4,334,Need Attention
12866,5692,1,559.12,1,1,3,113,Hibernating
12867,5574,4,1989.66,5,5,5,555,Champions
12868,5594,5,1403.76,4,5,5,455,Loyal Customers
12871,5616,1,132.0,3,1,1,311,About to Sleep
12872,5735,1,221.44,1,1,2,112,Hibernating
12873,5691,1,374.0,1,1,3,113,Hibernating
12876,5605,1,726.43,4,1,4,414,Promising
12877,5586,7,808.77,5,5,4,554,Champions
12878,5645,2,854.99,2,3,4,234,At-Risk
12881,5684,1,298.0,1,1,2,112,Hibernating
12886,5628,1,775.0,3,1,4,314,About to Sleep
12888,5623,2,354.12,3,3,2,332,Need Attention
12891,5594,3,331.0,4,4,2,442,Loyal Customers
12897,5613,2,216.5,3,3,2,332,Need Attention
12901,5572,16,9558.44,5,5,5,555,Champions
12902,5673,1,138.68,2,1,1,211,Hibernating
12904,5581,1,244.69,5,1,2,512,New Customers
12908,5585,2,750.0,5,3,4,534,Potential Loyalists
12909,5610,3,1528.37,3,4,5,345,Loyal Customers
12910,5606,3,1142.5,4,4,4,444,Loyal Customers
12913,5691,2,448.77,1,3,3,133,At-Risk
12916,5610,3,2312.78,3,4,5,345,Loyal Customers
12919,5578,1,206.2,5,1,2,512,New Customers
12921,5593,13,5383.52,4,5,5,455,Loyal Customers
12924,5607,3,655.27,4,4,3,443,Loyal Customers
12928,5650,1,387.7,2,1,3,213,Hibernating
12929,5720,1,117.85,1,1,1,111,Hibernating
12930,5580,1,221.56,5,1,2,512,New Customers
12931,5612,5,3743.7,3,5,5,355,Loyal Customers
12933,5580,2,357.49,5,3,2,532,Potential Loyalists
12935,5612,2,866.23,3,3,4,334,Need Attention
12937,5606,2,428.23,4,3,3,433,Potential Loyalists
12939,5682,3,7228.32,1,4,5,145,At-Risk
12942,5606,1,137.77,4,1,1,411,Promising
12945,5697,1,462.95,1,1,3,113,Hibernating
12947,5591,4,1075.65,4,5,4,454,Loyal Customers
12948,5623,3,886.26,3,4,4,344,Loyal Customers
12949,5615,3,2250.7,3,4,5,345,Loyal Customers
12951,5582,5,751.78,5,5,4,554,Champions
12955,5577,4,991.38,5,5,4,554,Champions
12956,5715,1,108.07,1,1,1,111,Hibernating
12957,5595,4,1715.29,4,5,5,455,Loyal Customers
12970,5731,2,23.8,1,3,1,131,At-Risk
12971,5577,40,4779.45,5,5,5,555,Champions
12974,5606,1,144.8,4,1,1,411,Promising
12976,5620,1,738.6,3,1,4,314,About to Sleep
12980,5585,7,5646.78,5,5,5,555,Champions
12982,5651,1,390.54,2,1,3,213,Hibernating
12987,5606,1,304.3,4,1,2,412,Promising
12988,5701,1,535.32,1,1,3,113,Hibernating
12989,5609,6,3125.44,3,5,5,355,Loyal Customers
12990,5594,2,263.9,4,3,2,432,Potential Loyalists
12993,5616,2,175.3,3,3,1,331,Need Attention
12994,5677,1,352.6,1,1,2,112,Hibernating
12997,5645,2,608.47,2,3,3,233,At-Risk
12999,5605,3,455.88,4,4,3,443,Loyal Customers
13000,5668,1,256.78,2,1,2,212,Hibernating
13001,5593,10,7845.35,4,5,5,455,Loyal Customers
13002,5727,1,120.95,1,1,1,111,Hibernating
13003,5623,1,59.05,3,1,1,311,About to Sleep
13004,5577,9,2791.57,5,5,5,555,Champions
13005,5582,2,513.7,5,3,3,533,Potential Loyalists
13008,5732,1,229.47,1,1,2,112,Hibernating
13012,5622,3,707.39,3,4,4,344,Loyal Customers
13013,5621,2,843.95,3,3,4,334,Need Attention
13014,5578,4,1788.78,5,5,5,555,Champions
13015,5606,4,1763.04,4,5,5,455,Loyal Customers
13018,5588,12,3852.9,4,5,5,455,Loyal Customers
13021,5575,3,995.12,5,4,4,544,Champions
13026,5629,2,243.72,3,3,2,332,Need Attention
13027,5642,2,2400.0,2,3,5,235,At-Risk
13035,5669,1,333.0,2,1,2,212,Hibernating
13037,5628,2,577.32,3,3,3,333,Need Attention
13038,5592,2,591.76,4,3,3,433,Potential Loyalists
13043,5682,1,516.42,1,1,3,113,Hibernating
13044,5700,1,560.47,1,1,3,113,Hibernating
13046,5675,1,197.72,2,1,1,211,Hibernating
13047,5582,4,1867.45,5,5,5,555,Champions
13048,5647,2,939.92,2,3,4,234,At-Risk
13049,5727,1,153.78,1,1,1,111,Hibernating
13050,5594,6,2259.26,4,5,5,455,Loyal Customers
13052,5621,1,348.15,3,1,2,312,About to Sleep
13055,5622,1,344.86,3,1,2,312,About to Sleep
13059,5658,1,183.4,2,1,1,211,Hibernating
13060,5662,1,307.53,2,1,2,212,Hibernating
13062,5600,1,346.98,4,1,2,412,Promising
13064,5736,1,203.3,1,1,1,111,Hibernating
13068,5728,1,165.0,1,1,1,111,Hibernating
13069,5589,12,2265.81,4,5,5,455,Loyal Customers
13070,5601,1,228.8,4,1,2,412,Promising
13072,5675,1,177.15,2,1,1,211,Hibernating
13077,5699,2,263.72,1,3,2,132,At-Risk
13078,5572,10,4362.42,5,5,5,555,Champions
13080,5588,1,58.08,4,1,1,411,Promising
13081,5626,5,12096.73,3,5,5,355,Loyal Customers
13082,5585,7,2245.53,5,5,5,555,Champions
13085,5704,1,278.1,1,1,2,112,Hibernating
13089,5579,49,25734.71,5,5,5,555,Champions
13090,5584,5,2935.22,5,5,5,555,Champions
13092,5620,3,254.3,3,4,2,342,Loyal Customers
13093,5684,5,4036.96,1,5,5,155,Cannot Lose Them
13094,5600,7,869.4,4,5,4,454,Loyal Customers
13097,5582,6,3696.96,5,5,5,555,Champions
13098,5578,11,9574.22,5,5,5,555,Champions
13101,5643,1,101.19,2,1,1,211,Hibernating
13102,5582,14,3331.68,5,5,5,555,Champions
13104,5676,1,111.96,2,1,1,211,Hibernating
13107,5584,2,935.22,5,3,4,534,Potential Loyalists
13110,5666,3,732.49,2,4,4,244,At-Risk
13113,5571,17,9271.05,5,5,5,555,Champions
13115,5593,1,878.55,4,1,4,414,Promising
13117,5626,4,363.22,3,5,3,353,Loyal Customers
13118,5617,3,799.7,3,4,4,344,Loyal Customers
13120,5647,1,30.6,2,1,1,211,Hibernating
13121,5678,1,283.73,1,1,2,112,Hibernating
13122,5649,1,903.67,2,1,4,214,Hibernating
13124,5661,1,1317.8,2,1,5,215,Hibernating
13126,5662,3,853.98,2,4,4,244,At-Risk
13131,5596,1,324.9,4,1,2,412,Promising
13132,5670,1,77.3,2,1,1,211,Hibernating
13133,5682,2,109.8,1,3,1,131,At-Risk
13134,5592,3,885.74,4,4,4,444,Loyal Customers
13135,5605,1,3096.0,4,1,5,415,Promising
13136,5621,1,574.46,3,1,3,313,About to Sleep
13137,5661,2,863.84,2,3,4,234,At-Risk
13138,5649,1,193.62,2,1,1,211,Hibernating
13139,5624,2,1170.02,3,3,4,334,Need Attention
13141,5623,4,1401.03,3,5,5,355,Loyal Customers
13144,5741,1,110.95,1,1,1,111,Hibernating
13148,5641,5,1488.93,2,5,5,255,Cannot Lose Them
13149,5698,1,376.74,1,1,3,113,Hibernating
13151,5704,1,1257.87,1,1,4,114,Hibernating
13155,5735,1,189.5,1,1,1,111,Hibernating
13157,5650,2,497.94,2,3,3,233,At-Risk
13158,5727,1,256.41,1,1,2,112,Hibernating
13161,5722,1,112.75,1,1,1,111,Hibernating
13162,5593,3,1305.44,4,4,4,444,Loyal Customers
13166,5692,1,417.2,1,1,3,113,Hibernating
13168,5608,3,972.66,3,4,4,344,Loyal Customers
13169,5661,1,505.2,2,1,3,213,Hibernating
13171,5708,1,140.35,1,1,1,111,Hibernating
13174,5725,1,692.3,1,1,4,114,Hibernating
13178,5580,5,2600.93,5,5,5,555,Champions
13183,5617,3,1527.08,3,4,5,345,Loyal Customers
13184,5593,5,919.97,4,5,4,454,Loyal Customers
13185,5676,1,71.4,2,1,1,211,Hibernating
13187,5746,1,236.02,1,1,2,112,Hibernating
13192,5614,1,464.32,3,1,3,313,About to Sleep
13196,5671,1,512.13,2,1,3,213,Hibernating
13198,5658,2,1703.2,2,3,5,235,At-Risk
13199,5581,16,3453.76,5,5,5,555,Champions
13203,5651,1,165.71,2,1,1,211,Hibernating
13208,5615,3,700.21,3,4,4,344,Loyal Customers
13209,5636,2,2043.59,2,3,5,235,At-Risk
13213,5592,3,551.53,4,4,3,443,Loyal Customers
13216,5676,1,333.74,2,1,2,212,Hibernating
13220,5594,3,726.49,4,4,4,444,Loyal Customers
13221,5649,1,349.25,2,1,2,212,Hibernating
13223,5609,2,163.2,3,3,1,331,Need Attention
13225,5605,3,2535.16,4,4,5,445,Loyal Customers
13226,5682,1,108.21,1,1,1,111,Hibernating
13227,5610,1,257.7,3,1,2,312,About to Sleep
13229,5634,1,160.95,2,1,1,211,Hibernating
13230,5610,8,1706.03,3,5,5,355,Loyal Customers
13232,5589,4,878.45,4,5,4,454,Loyal Customers
13233,5745,1,304.24,1,1,2,112,Hibernating
13235,5621,1,1031.07,3,1,4,314,About to Sleep
13238,5572,1,227.7,5,1,2,512,New Customers
13239,5670,1,329.56,2,1,2,212,Hibernating
13240,5582,2,329.54,5,3,2,532,Potential Loyalists
13242,5622,2,104.0,3,3,1,331,Need Attention
13243,5612,1,600.07,3,1,3,313,About to Sleep
13246,5585,5,1860.99,5,5,5,555,Champions
13248,5598,1,387.47,4,1,3,413,Promising
13249,5670,1,291.84,2,1,2,212,Hibernating
13253,5748,1,476.48,1,1,3,113,Hibernating
13258,5614,1,224.62,3,1,2,312,About to Sleep
13261,5677,2,944.1,1,3,4,134,At-Risk
13262,5672,1,200.29,2,1,1,211,Hibernating
13263,5572,18,3976.2,5,5,5,555,Champions
13265,5592,3,1465.66,4,4,5,445,Loyal Customers
13266,5594,6,1826.43,4,5,5,455,Loyal Customers
13267,5608,9,1587.84,3,5,5,355,Loyal Customers
13268,5578,6,2150.25,5,5,5,555,Champions
13269,5588,4,1698.5,4,5,5,455,Loyal Customers
13280,5725,2,699.36,1,3,4,134,At-Risk
13282,5571,2,773.1,5,3,4,534,Potential Loyalists
13283,5594,1,25.5,4,1,1,411,Promising
13284,5739,1,201.19,1,1,1,111,Hibernating
13285,5635,2,1173.27,2,3,4,234,At-Risk
13292,5693,1,249.57,1,1,2,112,Hibernating
13294,5598,2,873.74,4,3,4,434,Potential Loyalists
13299,5677,1,142.5,1,1,1,111,Hibernating
13300,5578,1,371.89,5,1,3,513,New Customers
13301,5631,2,327.77,3,3,2,332,Need Attention
13305,5654,3,504.05,2,4,3,243,At-Risk
13308,5612,1,814.95,3,1,4,314,About to Sleep
13309,5615,2,546.64,3,3,3,333,Need Attention
13310,5615,2,817.65,3,3,4,334,Need Attention
13313,5624,2,609.74,3,3,3,333,Need Attention
13316,5663,1,1622.48,2,1,5,215,Hibernating
13317,5607,3,1075.93,4,4,4,444,Loyal Customers
13319,5578,10,4032.36,5,5,5,555,Champions
13320,5622,2,508.61,3,3,3,333,Need Attention
13324,5612,6,3148.89,3,5,5,355,Loyal Customers
13327,5594,3,1127.35,4,4,4,444,Loyal Customers
13328,5725,1,1308.48,1,1,5,115,Hibernating
13330,5594,2,728.22,4,3,4,434,Potential Loyalists
13334,5599,2,2731.84,4,3,5,435,Potential Loyalists
13339,5609,1,860.12,3,1,4,314,About to Sleep
13340,5685,1,3678.03,1,1,5,115,Hibernating
13341,5669,1,775.85,2,1,4,214,Hibernating
13343,5586,1,353.43,5,1,2,512,New Customers
13344,5686,1,1656.15,1,1,5,115,Hibernating
13345,5696,1,389.5,1,1,3,113,Hibernating
13357,5666,1,609.95,2,1,3,213,Hibernating
13358,5677,1,439.03,1,1,3,113,Hibernating
13362,5654,2,1581.53,2,3,5,235,At-Risk
13365,5626,1,700.6,3,1,4,314,About to Sleep
13368,5665,2,623.4,2,3,3,233,At-Risk
13373,5685,1,987.7,1,1,4,114,Hibernating
13376,5612,2,770.0,3,3,4,334,Need Attention
13381,5616,2,1071.35,3,3,4,334,Need Attention
13382,5689,1,222.99,1,1,2,112,Hibernating
13384,5587,1,1172.6,4,1,4,414,Promising
13385,5738,1,534.57,1,1,3,113,Hibernating
13389,5641,1,257.89,2,1,2,212,Hibernating
13391,5612,1,59.8,3,1,1,311,About to Sleep
13394,5623,3,935.33,3,4,4,344,Loyal Customers
13395,5594,1,307.72,4,1,2,412,Promising
13396,5728,1,387.27,1,1,3,113,Hibernating
13397,5592,3,980.47,4,4,4,444,Loyal Customers
13398,5601,1,457.34,4,1,3,413,Promising
13404,5621,1,217.81,3,1,2,312,About to Sleep
13405,5613,2,557.45,3,3,3,333,Need Attention
13408,5575,26,9879.63,5,5,5,555,Champions
13410,5596,3,545.04,4,4,3,443,Loyal Customers
13414,5705,1,390.0,1,1,3,113,Hibernating
13417,5614,1,236.0,3,1,2,312,About to Sleep
13418,5573,6,2198.7,5,5,5,555,Champions
13420,5579,1,55.8,5,1,1,511,New Customers
13421,5699,1,825.04,1,1,4,114,Hibernating
13425,5577,2,1174.65,5,3,4,534,Potential Loyalists
13426,5591,4,1221.7,4,5,4,454,Loyal Customers
13427,5624,1,214.5,3,1,2,312,About to Sleep
13435,5598,1,443.72,4,1,3,413,Promising
13437,5578,2,1661.73,5,3,5,535,Potential Loyalists
13439,5664,1,283.71,2,1,2,212,Hibernating
13448,5627,1,593.72,3,1,3,313,About to Sleep
13450,5613,2,678.54,3,3,4,334,Need Attention
13451,5620,3,1652.38,3,4,5,345,Loyal Customers
13452,5668,2,590.0,2,3,3,233,At-Risk
13453,5574,2,356.98,5,3,2,532,Potential Loyalists
13456,5584,2,425.06,5,3,3,533,Potential Loyalists
13458,5578,7,5375.0,5,5,5,555,Champions
13461,5572,1,576.4,5,1,3,513,New Customers
13462,5661,1,151.5,2,1,1,211,Hibernating
13466,5593,1,307.9,4,1,2,412,Promising
13468,5588,18,2782.84,4,5,5,455,Loyal Customers
13473,5741,1,241.26,1,1,2,112,Hibernating
13474,5645,1,229.59,2,1,2,212,Hibernating
13475,5600,4,1431.78,4,5,5,455,Loyal Customers
13476,5587,2,1238.47,4,3,4,434,Potential Loyalists
13477,5579,3,765.79,5,4,4,544,Champions
13479,5609,2,300.95,3,3,2,332,Need Attention
13481,5601,2,978.99,4,3,4,434,Potential Loyalists
13482,5641,1,184.64,2,1,1,211,Hibernating
13484,5650,1,313.8,2,1,2,212,Hibernating
13485,5642,1,454.24,2,1,3,213,Hibernating
13487,5622,1,215.65,3,1,2,312,About to Sleep
13488,5605,5,4148.51,4,5,5,455,Loyal Customers
13489,5698,2,235.68,1,3,2,132,At-Risk
13491,5656,6,835.23,2,5,4,254,Cannot Lose Them
13492,5623,1,315.3,3,1,2,312,About to Sleep
13493,5684,2,618.63,1,3,3,133,At-Risk
13494,5720,1,316.26,1,1,2,112,Hibernating
13495,5641,1,207.0,2,1,2,212,Hibernating
13497,5691,1,194.55,1,1,1,111,Hibernating
13499,5634,2,463.79,2,3,3,233,At-Risk
13501,5697,1,1340.32,1,1,5,115,Hibernating
13502,5683,2,189.16,1,3,1,131,At-Risk
13505,5575,3,2583.12,5,4,5,545,Champions
13506,5725,1,157.4,1,1,1,111,Hibernating
13508,5652,1,110.97,2,1,1,211,Hibernating
13509,5663,3,650.02,2,4,3,243,At-Risk
13510,5592,1,585.32,4,1,3,413,Promising
13512,5669,1,251.21,2,1,2,212,Hibernating
13515,5656,1,203.4,2,1,1,211,Hibernating
13516,5647,1,146.0,2,1,1,211,Hibernating
13517,5588,1,1101.86,4,1,4,414,Promising
13520,5593,3,1788.58,4,4,5,445,Loyal Customers
13523,5608,2,1802.29,3,3,5,335,Need Attention
13524,5582,2,247.7,5,3,2,532,Potential Loyalists
13525,5657,1,282.88,2,1,2,212,Hibernating
13527,5610,2,585.64,3,3,3,333,Need Attention
13529,5613,1,181.1,3,1,1,311,About to Sleep
13531,5614,1,178.35,3,1,1,311,About to Sleep
13533,5591,3,270.79,4,4,2,442,Loyal Customers
13534,5595,15,2669.88,4,5,5,455,Loyal Customers
13538,5592,3,619.5,4,4,3,443,Loyal Customers
13539,5649,2,315.65,2,3,2,232,At-Risk
13544,5649,1,122.91,2,1,1,211,Hibernating
13546,5609,1,188.16,3,1,1,311,About to Sleep
13548,5652,1,281.01,2,1,2,212,Hibernating
13549,5601,3,512.55,4,4,3,443,Loyal Customers
13551,5728,1,91.8,1,1,1,111,Hibernating
13552,5588,7,2279.09,4,5,5,455,Loyal Customers
13555,5610,2,1590.05,3,3,5,335,Need Attention
13557,5689,1,240.68,1,1,2,112,Hibernating
13561,5624,1,141.86,3,1,1,311,About to Sleep
13562,5654,1,603.27,2,1,3,213,Hibernating
13565,5743,1,110.18,1,1,1,111,Hibernating
13568,5582,1,192.85,5,1,1,511,New Customers
13570,5652,1,239.49,2,1,2,212,Hibernating
13571,5593,4,507.31,4,5,3,453,Loyal Customers
13572,5614,1,1384.25,3,1,5,315,About to Sleep
13573,5662,1,31.77,2,1,1,211,Hibernating
13575,5585,1,88.55,5,1,1,511,New Customers
13576,5585,8,3130.3,5,5,5,555,Champions
13577,5650,1,356.75,2,1,2,212,Hibernating
13581,5718,1,118.0,1,1,1,111,Hibernating
13584,5715,1,142.4,1,1,1,111,Hibernating
13588,5664,1,113.3,2,1,1,211,Hibernating
13589,5588,1,147.0,4,1,1,411,Promising
13590,5608,3,912.03,3,4,4,344,Loyal Customers
13591,5613,2,776.23,3,3,4,334,Need Attention
13592,5614,3,205.51,3,4,2,342,Loyal Customers
13593,5571,4,1391.25,5,5,5,555,Champions
13599,5607,5,1652.82,4,5,5,455,Loyal Customers
13600,5721,1,219.52,1,1,2,112,Hibernating
13601,5620,1,373.2,3,1,3,313,About to Sleep
13606,5652,2,250.42,2,3,2,232,At-Risk
13610,5596,3,474.37,4,4,3,443,Loyal Customers
13611,5579,1,333.57,5,1,2,512,New Customers
13614,5573,2,794.98,5,3,4,534,Potential Loyalists
13615,5727,1,417.69,1,1,3,113,Hibernating
13617,5589,1,131.11,4,1,1,411,Promising
13618,5582,1,177.34,5,1,1,511,New Customers
13623,5619,4,551.92,3,5,3,353,Loyal Customers
13626,5661,1,257.23,2,1,2,212,Hibernating
13627,5585,2,715.81,5,3,4,534,Potential Loyalists
13629,5582,5,3666.0,5,5,5,555,Champions
13630,5580,4,1059.54,5,5,4,554,Champions
13631,5573,8,2290.72,5,5,5,555,Champions
13632,5582,3,814.6,5,4,4,544,Champions
13634,5651,2,625.41,2,3,3,233,At-Risk
13636,5661,3,541.45,2,4,3,243,At-Risk
13637,5596,2,684.85,4,3,4,434,Potential Loyalists
13642,5624,1,354.8,3,1,2,312,About to Sleep
13643,5594,1,87.9,4,1,1,411,Promising
13647,5584,2,803.86,5,3,4,534,Potential Loyalists
13649,5665,1,148.8,2,1,1,211,Hibernating
13650,5616,2,745.52,3,3,4,334,Need Attention
13652,5665,1,329.44,2,1,2,212,Hibernating
13654,5610,3,1172.84,3,4,4,344,Loyal Customers
13655,5650,1,383.65,2,1,3,213,Hibernating
13656,5573,2,379.65,5,3,3,533,Potential Loyalists
13657,5610,1,152.34,3,1,1,311,About to Sleep
13658,5613,1,933.3,3,1,4,314,About to Sleep
13659,5614,2,1573.2,3,3,5,335,Need Attention
13662,5621,2,532.94,3,3,3,333,Need Attention
13663,5588,1,189.47,4,1,1,411,Promising
13666,5696,2,64.05,1,3,1,131,At-Risk
13668,5575,12,4068.04,5,5,5,555,Champions
13672,5710,2,186.39,1,3,1,131,At-Risk
13675,5693,1,308.44,1,1,2,112,Hibernating
13680,5746,2,2391.59,1,3,5,135,At-Risk
13682,5596,1,59.5,4,1,1,411,Promising
13684,5694,1,67.23,1,1,1,111,Hibernating
13686,5591,1,72.0,4,1,1,411,Promising
13692,5622,2,871.58,3,3,4,334,Need Attention
13694,5571,27,31362.78,5,5,5,555,Champions
13695,5579,6,749.54,5,5,4,554,Champions
13700,5585,6,1245.8,5,5,4,554,Champions
13703,5727,1,99.5,1,1,1,111,Hibernating
13706,5711,1,330.79,1,1,2,112,Hibernating
13707,5676,2,806.41,2,3,4,234,At-Risk
13708,5680,1,296.88,1,1,2,112,Hibernating
13709,5577,3,1539.08,5,4,5,545,Champions
13711,5627,2,252.06,3,3,2,332,Need Attention
13712,5655,1,228.84,2,1,2,212,Hibernating
13715,5690,2,582.71,1,3,3,133,At-Risk
13716,5678,1,138.28,1,1,1,111,Hibernating
13717,5581,3,754.22,5,4,4,544,Champions
13718,5655,2,306.55,2,3,2,232,At-Risk
13719,5614,2,338.74,3,3,2,332,Need Attention
13720,5587,3,552.55,4,4,3,443,Loyal Customers
13722,5691,1,1463.47,1,1,5,115,Hibernating
13723,5626,1,199.85,3,1,1,311,About to Sleep
13725,5578,7,1865.7,5,5,5,555,Champions
13728,5607,3,493.93,4,4,3,443,Loyal Customers
13731,5628,2,610.59,3,3,3,333,Need Attention
13735,5584,2,1409.69,5,3,5,535,Potential Loyalists
13736,5669,1,357.53,2,1,2,212,Hibernating
13737,5609,1,339.6,3,1,2,312,About to Sleep
13740,5649,1,350.75,2,1,2,212,Hibernating
13741,5592,2,363.13,4,3,3,433,Potential Loyalists
13742,5571,10,2648.72,5,5,5,555,Champions
13743,5626,2,353.16,3,3,2,332,Need Attention
13744,5701,1,893.16,1,1,4,114,Hibernating
13745,5571,1,300.04,5,1,2,512,New Customers
13748,5641,2,376.85,2,3,3,233,At-Risk
13750,5580,3,991.19,5,4,4,544,Champions
13751,5697,1,296.25,1,1,2,112,Hibernating
13752,5593,4,891.53,4,5,4,454,Loyal Customers
13753,5696,1,741.26,1,1,4,114,Hibernating
13754,5726,1,156.0,1,1,1,111,Hibernating
13756,5592,2,707.41,4,3,4,434,Potential Loyalists
13758,5610,3,1632.67,3,4,5,345,Loyal Customers
13760,5665,1,135.09,2,1,1,211,Hibernating
13761,5588,1,491.71,4,1,3,413,Promising
13762,5627,1,306.72,3,1,2,312,About to Sleep
13764,5746,1,499.89,1,1,3,113,Hibernating
13767,5573,18,5489.43,5,5,5,555,Champions
13769,5616,4,1125.71,3,5,4,354,Loyal Customers
13771,5608,2,1464.85,3,3,5,335,Need Attention
13772,5648,1,228.42,2,1,2,212,Hibernating
13777,5574,12,4801.34,5,5,5,555,Champions
13780,5579,1,116.28,5,1,1,511,New Customers
13781,5659,1,127.84,2,1,1,211,Hibernating
13782,5643,2,361.3,2,3,3,233,At-Risk
13784,5577,7,1632.39,5,5,5,555,Champions
13791,5577,1,937.0,5,1,4,514,New Customers
13792,5696,1,74.6,1,1,1,111,Hibernating
13798,5574,34,20627.12,5,5,5,555,Champions
13799,5703,1,341.7,1,1,2,112,Hibernating
13800,5718,1,558.32,1,1,3,113,Hibernating
13802,5663,2,3131.06,2,3,5,235,At-Risk
13803,5664,1,277.07,2,1,2,212,Hibernating
13804,5698,1,723.63,1,1,4,114,Hibernating
13809,5714,1,155.05,1,1,1,111,Hibernating
13811,5592,3,814.5,4,4,4,444,Loyal Customers
13815,5581,2,2977.75,5,3,5,535,Potential Loyalists
13819,5710,3,1140.35,1,4,4,144,At-Risk
13821,5670,1,270.15,2,1,2,212,Hibernating
13824,5612,3,1232.98,3,4,4,344,Loyal Customers
13826,5585,1,189.5,5,1,1,511,New Customers
13831,5609,2,689.99,3,3,4,334,Need Attention
13835,5624,1,328.45,3,1,2,312,About to Sleep
13837,5620,2,271.24,3,3,2,332,Need Attention
13841,5661,1,85.0,2,1,1,211,Hibernating
13842,5608,5,1517.9,3,5,5,355,Loyal Customers
13846,5651,1,252.53,2,1,2,212,Hibernating
13848,5706,1,615.0,1,1,3,113,Hibernating
13849,5579,1,593.58,5,1,3,513,New Customers
13851,5697,1,246.32,1,1,2,112,Hibernating
13854,5605,14,4550.1,4,5,5,455,Loyal Customers
13856,5577,3,388.5,5,4,3,543,Champions
13859,5735,1,201.16,1,1,1,111,Hibernating
13862,5596,4,1152.51,4,5,4,454,Loyal Customers
13863,5656,1,305.78,2,1,2,212,Hibernating
13865,5595,2,282.52,4,3,2,432,Potential Loyalists
13867,5627,1,138.85,3,1,1,311,About to Sleep
13869,5671,2,1261.34,2,3,4,234,At-Risk
13870,5577,3,898.0,5,4,4,544,Champions
13871,5571,6,3010.82,5,5,5,555,Champions
13873,5627,2,230.4,3,3,2,332,Need Attention
13875,5593,3,1067.88,4,4,4,444,Loyal Customers
13880,5595,5,1241.77,4,5,4,454,Loyal Customers
13881,5578,7,5218.33,5,5,5,555,Champions
13883,5627,4,1742.78,3,5,5,355,Loyal Customers
13884,5686,3,196.25,1,4,1,141,At-Risk
13885,5598,2,506.8,4,3,3,433,Potential Loyalists
13887,5613,1,349.55,3,1,2,312,About to Sleep
13888,5627,1,239.52,3,1,2,312,About to Sleep
13892,5655,1,54.52,2,1,1,211,Hibernating
13893,5706,1,821.1,1,1,4,114,Hibernating
13894,5719,1,160.85,1,1,1,111,Hibernating
13895,5573,1,382.46,5,1,3,513,New Customers
13898,5734,1,155.93,1,1,1,111,Hibernating
13899,5683,1,298.5,1,1,2,112,Hibernating
13900,5592,3,740.95,4,4,4,444,Loyal Customers
13901,5665,2,648.3,2,3,3,233,At-Risk
13904,5703,1,201.12,1,1,1,111,Hibernating
13908,5623,2,831.11,3,3,4,334,Need Attention
13911,5606,6,1703.91,4,5,5,455,Loyal Customers
13917,5600,1,65.38,4,1,1,411,Promising
13918,5662,1,198.2,2,1,1,211,Hibernating
13929,5578,2,842.65,5,3,4,534,Potential Loyalists
13931,5689,1,378.21,1,1,3,113,Hibernating
13932,5703,1,307.4,1,1,2,112,Hibernating
13934,5672,1,922.1,2,1,4,214,Hibernating
13936,5588,1,376.58,4,1,3,413,Promising
13937,5578,1,158.85,5,1,1,511,New Customers
13939,5720,1,184.5,1,1,1,111,Hibernating
13941,5580,2,1736.14,5,3,5,535,Potential Loyalists
13946,5610,2,485.97,3,3,3,333,Need Attention
13950,5655,1,179.31,2,1,1,211,Hibernating
13951,5585,3,674.45,5,4,4,544,Champions
13952,5626,2,3251.07,3,3,5,335,Need Attention
13953,5573,3,1750.0,5,4,5,545,Champions
13955,5714,1,205.1,1,1,1,111,Hibernating
13956,5652,2,293.67,2,3,2,232,At-Risk
13959,5690,1,122.7,1,1,1,111,Hibernating
13962,5654,1,117.6,2,1,1,211,Hibernating
13963,5717,3,513.24,1,4,3,143,At-Risk
13969,5578,7,2232.59,5,5,5,555,Champions
13971,5587,4,1280.98,4,5,4,454,Loyal Customers
13972,5610,1,145.9,3,1,1,311,About to Sleep
13973,5696,1,264.7,1,1,2,112,Hibernating
13975,5624,2,961.61,3,3,4,334,Need Attention
13976,5615,1,357.98,3,1,3,313,About to Sleep
13982,5572,2,801.54,5,3,4,534,Potential Loyalists
13983,5596,7,1351.7,4,5,5,455,Loyal Customers
13984,5658,2,562.43,2,3,3,233,At-Risk
13985,5593,3,1165.3,4,4,4,444,Loyal Customers
13988,5571,3,1923.5,5,4,5,545,Champions
13989,5648,1,896.67,2,1,4,214,Hibernating
13990,5622,1,311.3,3,1,2,312,About to Sleep
13993,5614,4,1492.82,3,5,5,355,Loyal Customers
13995,5654,1,310.45,2,1,2,212,Hibernating
13999,5588,4,1259.77,4,5,4,454,Loyal Customers
14000,5620,1,635.66,3,1,3,313,About to Sleep
14001,5641,1,1007.9,2,1,4,214,Hibernating
14004,5582,2,1480.36,5,3,5,535,Potential Loyalists
14005,5584,2,331.46,5,3,2,532,Potential Loyalists
14006,5650,2,662.09,2,3,3,233,At-Risk
14009,5607,2,695.61,4,3,4,434,Potential Loyalists
14012,5686,1,328.8,1,1,2,112,Hibernating
14013,5684,1,118.5,1,1,1,111,Hibernating
14016,5616,2,2610.89,3,3,5,335,Need Attention
14021,5620,2,501.7,3,3,3,333,Need Attention
14022,5634,1,440.0,2,1,3,213,Hibernating
14023,5659,1,273.14,2,1,2,212,Hibernating
14030,5652,3,758.52,2,4,4,244,At-Risk
14031,5577,9,6248.97,5,5,5,555,Champions
14032,5577,4,1225.95,5,5,4,554,Champions
14035,5676,2,700.58,2,3,4,234,At-Risk
14036,5693,1,626.65,1,1,3,113,Hibernating
14037,5585,1,35.4,5,1,1,511,New Customers
14038,5616,1,716.32,3,1,4,314,About to Sleep
14040,5592,6,1956.06,4,5,5,455,Loyal Customers
14041,5675,1,141.41,2,1,1,211,Hibernating
14044,5718,1,173.74,1,1,1,111,Hibernating
14045,5746,2,925.35,1,3,4,134,At-Risk
14046,5693,1,154.99,1,1,1,111,Hibernating
14047,5608,2,349.0,3,3,2,332,Need Attention
14048,5714,1,409.93,1,1,3,113,Hibernating
14049,5609,2,3058.46,3,3,5,335,Need Attention
14051,5582,9,4541.18,5,5,5,555,Champions
14056,5593,11,3695.32,4,5,5,455,Loyal Customers
14057,5571,7,2233.21,5,5,5,555,Champions
14059,5675,1,183.6,2,1,1,211,Hibernating
14060,5592,8,2521.06,4,5,5,455,Loyal Customers
14062,5585,4,3750.55,5,5,5,555,Champions
14064,5620,3,842.16,3,4,4,344,Loyal Customers
14066,5675,1,152.55,2,1,1,211,Hibernating
14068,5729,1,265.85,1,1,2,112,Hibernating
14071,5669,2,356.81,2,3,2,232,At-Risk
14075,5670,1,307.92,2,1,2,212,Hibernating
14077,5591,3,310.4,4,4,2,442,Loyal Customers
14078,5593,4,691.67,4,5,4,454,Loyal Customers
14081,5711,1,511.0,1,1,3,113,Hibernating
14083,5608,2,29.58,3,3,1,331,Need Attention
14085,5584,8,1770.12,5,5,5,555,Champions
14088,5579,4,15388.0,5,5,5,555,Champions
14090,5733,1,76.32,1,1,1,111,Hibernating
14092,5579,6,1475.53,5,5,5,555,Champions
14099,5579,5,1341.75,5,5,5,555,Champions
14101,5606,4,4159.39,4,5,5,455,Loyal Customers
14104,5574,1,111.26,5,1,1,511,New Customers
14105,5648,1,1266.23,2,1,4,214,Hibernating
14107,5585,4,1473.6,5,5,5,555,Champions
14110,5580,3,2081.24,5,4,5,545,Champions
14111,5650,1,94.2,2,1,1,211,Hibernating
14112,5612,3,1152.5,3,4,4,344,Loyal Customers
14114,5682,2,386.53,1,3,3,133,At-Risk
14127,5665,2,452.23,2,3,3,233,At-Risk
14128,5664,1,305.54,2,1,2,212,Hibernating
14129,5669,1,358.9,2,1,3,213,Hibernating
14130,5728,1,483.86,1,1,3,113,Hibernating
14132,5571,2,607.92,5,3,3,533,Potential Loyalists
14133,5724,1,318.0,1,1,2,112,Hibernating
14135,5595,5,1494.41,4,5,5,455,Loyal Customers
14145,5626,1,1128.6,3,1,4,314,About to Sleep
14146,5663,1,662.3,2,1,3,213,Hibernating
14147,5694,1,182.8,1,1,1,111,Hibernating
14148,5642,1,157.2,2,1,1,211,Hibernating
14149,5629,1,446.62,3,1,3,313,About to Sleep
14152,5643,1,314.51,2,1,2,212,Hibernating
14154,5648,2,1345.62,2,3,5,235,At-Risk
14155,5675,1,118.75,2,1,1,211,Hibernating
14156,5572,24,53342.82,5,5,5,555,Champions
14157,5694,1,277.17,1,1,2,112,Hibernating
14159,5578,3,1234.08,5,4,4,544,Champions
14161,5624,2,827.37,3,3,4,334,Need Attention
14162,5582,2,289.36,5,3,2,532,Potential Loyalists
14163,5608,2,749.79,3,3,4,334,Need Attention
14165,5684,1,122.54,1,1,1,111,Hibernating
14167,5574,3,402.1,5,4,3,543,Champions
14173,5628,1,114.04,3,1,1,311,About to Sleep
14175,5580,2,1205.99,5,3,4,534,Potential Loyalists
14176,5706,3,417.35,1,4,3,143,At-Risk
14177,5588,1,118.08,4,1,1,411,Promising
14178,5591,1,197.37,4,1,1,411,Promising
14180,5577,13,2705.92,5,5,5,555,Champions
14185,5740,1,197.65,1,1,1,111,Hibernating
14188,5623,2,760.9,3,3,4,334,Need Attention
14189,5609,7,1844.83,3,5,5,355,Loyal Customers
14191,5571,4,1105.6,5,5,4,554,Champions
14193,5678,1,422.54,1,1,3,113,Hibernating
14194,5581,9,3969.16,5,5,5,555,Champions
14195,5610,2,1012.0,3,3,4,334,Need Attention
14198,5648,1,183.3,2,1,1,211,Hibernating
14199,5627,1,185.4,3,1,1,311,About to Sleep
14201,5595,3,343.86,4,4,2,442,Loyal Customers
14205,5673,1,222.9,2,1,2,212,Hibernating
14206,5648,1,328.16,2,1,2,212,Hibernating
14209,5622,3,1083.15,3,4,4,344,Loyal Customers
14210,5606,4,1294.7,4,5,4,454,Loyal Customers
14211,5616,5,909.89,3,5,4,354,Loyal Customers
14214,5579,2,822.21,5,3,4,534,Potential Loyalists
14215,5595,3,932.27,4,4,4,444,Loyal Customers
14217,5593,7,870.95,4,5,4,454,Loyal Customers
14220,5656,1,319.42,2,1,2,212,Hibernating
14221,5599,4,1653.83,4,5,5,455,Loyal Customers
14222,5586,1,683.17,5,1,4,514,New Customers
14223,5673,1,304.9,2,1,2,212,Hibernating
14224,5624,2,495.32,3,3,3,333,Need Attention
14226,5619,2,1709.4,3,3,5,335,Need Attention
14227,5605,7,2399.52,4,5,5,455,Loyal Customers
14229,5700,2,762.13,1,3,4,134,At-Risk
14231,5592,3,925.71,4,4,4,444,Loyal Customers
14232,5595,2,1003.97,4,3,4,434,Potential Loyalists
14233,5620,3,959.1,3,4,4,344,Loyal Customers
14235,5635,2,1264.55,2,3,4,234,At-Risk
14238,5735,1,146.85,1,1,1,111,Hibernating
14239,5609,6,1295.04,3,5,4,354,Loyal Customers
14240,5634,1,226.85,2,1,2,212,Hibernating
14241,5592,1,213.7,4,1,2,412,Promising
14242,5643,2,280.55,2,3,2,232,At-Risk
14243,5585,4,1304.16,5,5,4,554,Champions
14245,5628,2,1693.45,3,3,5,335,Need Attention
14246,5654,1,449.64,2,1,3,213,Hibernating
14247,5687,1,136.77,1,1,1,111,Hibernating
14248,5727,1,302.58,1,1,2,112,Hibernating
14256,5669,1,445.2,2,1,3,213,Hibernating
14257,5593,2,1030.59,4,3,4,434,Potential Loyalists
14258,5608,6,7607.82,3,5,5,355,Loyal Customers
14262,5649,1,240.0,2,1,2,212,Hibernating
14264,5654,1,115.7,2,1,1,211,Hibernating
14267,5571,3,1516.24,5,4,5,545,Champions
14270,5740,1,492.65,1,1,3,113,Hibernating
14271,5634,1,112.32,2,1,1,211,Hibernating
14272,5663,1,132.09,2,1,1,211,Hibernating
14273,5626,2,218.7,3,3,2,332,Need Attention
14276,5589,2,720.4,4,3,4,434,Potential Loyalists
14277,5621,1,1637.43,3,1,5,315,About to Sleep
14280,5605,1,134.04,4,1,1,411,Promising
14282,5571,6,1680.48,5,5,5,555,Champions
14285,5585,1,5.9,5,1,1,511,New Customers
14286,5651,1,2050.08,2,1,5,215,Hibernating
14287,5607,2,83.28,4,3,1,431,Potential Loyalists
14288,5622,1,426.6,3,1,3,313,About to Sleep
14289,5585,4,723.52,5,5,4,554,Champions
14291,5581,6,2030.22,5,5,5,555,Champions
14292,5613,2,1125.21,3,3,4,334,Need Attention
14293,5714,1,143.1,1,1,1,111,Hibernating
14297,5683,1,232.6,1,1,2,112,Hibernating
14298,5574,26,26471.21,5,5,5,555,Champions
14299,5727,3,1136.7,1,4,4,144,At-Risk
14304,5631,1,383.45,3,1,3,313,About to Sleep
14307,5628,2,911.87,3,3,4,334,Need Attention
14309,5577,5,1162.27,5,5,4,554,Champions
14311,5651,1,310.26,2,1,2,212,Hibernating
14312,5595,4,854.59,4,5,4,454,Loyal Customers
14315,5600,2,856.2,4,3,4,434,Potential Loyalists
14320,5615,2,477.79,3,3,3,333,Need Attention
14321,5585,2,626.93,5,3,3,533,Potential Loyalists
14323,5647,1,299.82,2,1,2,212,Hibernating
14326,5651,1,183.85,2,1,1,211,Hibernating
14327,5572,1,311.65,5,1,2,512,New Customers
14329,5573,3,3085.68,5,4,5,545,Champions
14334,5612,4,1358.08,3,5,5,355,Loyal Customers
14336,5607,3,1114.39,4,4,4,444,Loyal Customers
14338,5605,1,579.97,4,1,3,413,Promising
14339,5651,1,309.52,2,1,2,212,Hibernating
14340,5627,1,134.7,3,1,1,311,About to Sleep
14341,5624,4,703.15,3,5,4,354,Loyal Customers
14342,5619,1,309.6,3,1,2,312,About to Sleep
14344,5615,3,290.23,3,4,2,342,Loyal Customers
14346,5706,1,262.44,1,1,2,112,Hibernating
14348,5669,1,409.57,2,1,3,213,Hibernating
14350,5683,1,282.93,1,1,2,112,Hibernating
14351,5573,1,51.0,5,1,1,511,New Customers
14352,5643,2,845.32,2,3,4,234,At-Risk
14353,5624,1,90.6,3,1,1,311,About to Sleep
14364,5573,6,2808.0,5,5,5,555,Champions
14367,5593,8,4145.52,4,5,5,455,Loyal Customers
14368,5728,1,155.0,1,1,1,111,Hibernating
14371,5704,1,100.5,1,1,1,111,Hibernating
14375,5594,1,257.68,4,1,2,412,Promising
14377,5600,2,617.05,4,3,3,433,Potential Loyalists
14379,5704,1,110.98,1,1,1,111,Hibernating
14383,5572,1,242.09,5,1,2,512,New Customers
14386,5705,1,142.4,1,1,1,111,Hibernating
14388,5612,2,860.39,3,3,4,334,Need Attention
14389,5599,1,311.14,4,1,2,412,Promising
14390,5620,2,812.38,3,3,4,334,Need Attention
14393,5627,1,67.95,3,1,1,311,About to Sleep
14395,5586,5,1657.54,5,5,5,555,Champions
14397,5580,4,379.04,5,5,3,553,Champions
14401,5571,4,1352.04,5,5,5,555,Champions
14403,5626,2,976.01,3,3,4,334,Need Attention
14404,5578,3,904.8,5,4,4,544,Champions
14407,5614,2,1002.68,3,3,4,334,Need Attention
14408,5580,4,1215.32,5,5,4,554,Champions
14409,5727,1,337.3,1,1,2,112,Hibernating
14410,5615,6,778.8,3,5,4,354,Loyal Customers
14411,5719,1,1063.0,1,1,4,114,Hibernating
14415,5591,5,1884.14,4,5,5,455,Loyal Customers
14419,5661,1,183.46,2,1,1,211,Hibernating
14421,5620,1,455.18,3,1,3,313,About to Sleep
14422,5579,2,1032.15,5,3,4,534,Potential Loyalists
14423,5627,1,265.2,3,1,2,312,About to Sleep
14426,5587,4,2209.93,4,5,5,455,Loyal Customers
14428,5648,2,330.62,2,3,2,232,At-Risk
14431,5711,1,470.36,1,1,3,113,Hibernating
14438,5715,1,131.9,1,1,1,111,Hibernating
14439,5728,1,2661.24,1,1,5,115,Hibernating
14440,5725,1,529.01,1,1,3,113,Hibernating
14441,5664,1,356.84,2,1,2,212,Hibernating
14442,5613,2,1589.82,3,3,5,335,Need Attention
14443,5719,1,304.9,1,1,2,112,Hibernating
14446,5655,1,303.04,2,1,2,212,Hibernating
14447,5605,2,601.03,4,3,3,433,Potential Loyalists
14449,5655,1,191.06,2,1,1,211,Hibernating
14450,5589,3,483.25,4,4,3,443,Loyal Customers
14451,5603,1,360.0,4,1,3,413,Promising
14453,5599,1,119.93,4,1,1,411,Promising
14457,5719,1,113.64,1,1,1,111,Hibernating
14460,5580,2,276.54,5,3,2,532,Potential Loyalists
14461,5587,2,1746.22,4,3,5,435,Potential Loyalists
14462,5594,7,1140.72,4,5,4,454,Loyal Customers
14463,5579,2,309.42,5,3,2,532,Potential Loyalists
14465,5655,3,1058.62,2,4,4,244,At-Risk
14466,5596,3,965.95,4,4,4,444,Loyal Customers
14467,5721,1,131.7,1,1,1,111,Hibernating
14470,5696,1,297.64,1,1,2,112,Hibernating
14472,5596,4,1249.75,4,5,4,454,Loyal Customers
14473,5691,1,85.0,1,1,1,111,Hibernating
14475,5595,2,622.17,4,3,3,433,Potential Loyalists
14476,5666,1,215.7,2,1,2,212,Hibernating
14477,5593,2,523.0,4,3,3,433,Potential Loyalists
14479,5662,1,141.85,2,1,1,211,Hibernating
14481,5573,2,636.51,5,3,3,533,Potential Loyalists
14482,5648,1,238.1,2,1,2,212,Hibernating
14483,5690,1,137.1,1,1,1,111,Hibernating
14489,5616,1,463.38,3,1,3,313,About to Sleep
14491,5584,1,213.73,5,1,2,512,New Customers
14496,5720,1,234.47,1,1,2,112,Hibernating
14497,5718,1,475.37,1,1,3,113,Hibernating
14498,5595,1,147.02,4,1,1,411,Promising
14499,5687,1,126.02,1,1,1,111,Hibernating
14500,5598,1,284.85,4,1,2,412,Promising
14501,5592,2,251.21,4,3,2,432,Potential Loyalists
14502,5643,6,1070.23,2,5,4,254,Cannot Lose Them
14503,5587,1,597.07,4,1,3,413,Promising
14504,5652,3,542.71,2,4,3,243,At-Risk
14505,5613,4,2142.41,3,5,5,355,Loyal Customers
14506,5571,2,561.96,5,3,3,533,Potential Loyalists
14507,5624,3,615.31,3,4,3,343,Loyal Customers
14512,5596,2,275.28,4,3,2,432,Potential Loyalists
14513,5615,2,317.35,3,3,2,332,Need Attention
14514,5610,2,403.11,3,3,3,333,Need Attention
14515,5600,2,765.65,4,3,4,434,Potential Loyalists
14520,5699,1,165.0,1,1,1,111,Hibernating
14522,5607,1,278.63,4,1,2,412,Promising
14524,5587,4,777.27,4,5,4,454,Loyal Customers
14525,5594,4,1570.64,4,5,5,455,Loyal Customers
14527,5572,26,2993.73,5,5,5,555,Champions
14530,5594,3,1560.84,4,4,5,445,Loyal Customers
14532,5645,3,710.25,2,4,4,244,At-Risk
14534,5578,10,2283.59,5,5,5,555,Champions
14535,5657,1,853.97,2,1,4,214,Hibernating
14536,5668,1,171.8,2,1,1,211,Hibernating
14538,5665,1,106.5,2,1,1,211,Hibernating
14540,5718,1,195.9,1,1,1,111,Hibernating
14541,5577,7,1315.65,5,5,5,555,Champions
14542,5594,1,103.25,4,1,1,411,Promising
14543,5580,10,2548.4,5,5,5,555,Champions
14546,5610,2,874.88,3,3,4,334,Need Attention
14548,5726,1,326.4,1,1,2,112,Hibernating
14549,5720,1,289.24,1,1,2,112,Hibernating
14551,5613,1,125.43,3,1,1,311,About to Sleep
14553,5627,2,312.32,3,3,2,332,Need Attention
14555,5711,1,197.94,1,1,1,111,Hibernating
14560,5571,9,840.83,5,5,4,554,Champions
14561,5571,2,566.99,5,3,3,533,Potential Loyalists
14562,5592,4,1131.49,4,5,4,454,Loyal Customers
14565,5614,1,710.14,3,1,4,314,About to Sleep
14570,5689,2,218.06,1,3,2,132,At-Risk
14572,5663,3,1077.93,2,4,4,244,At-Risk
14573,5588,8,1240.32,4,5,4,454,Loyal Customers
14577,5572,2,299.74,5,3,2,532,Potential Loyalists
14583,5574,3,477.15,5,4,3,543,Champions
14584,5578,4,1042.26,5,5,4,554,Champions
14586,5685,1,237.36,1,1,2,112,Hibernating
14587,5593,8,1473.53,4,5,5,455,Loyal Customers
14591,5622,1,250.22,3,1,2,312,About to Sleep
14593,5607,2,339.59,4,3,2,432,Potential Loyalists
14595,5722,1,163.8,1,1,1,111,Hibernating
14597,5600,1,165.1,4,1,1,411,Promising
14600,5714,1,393.33,1,1,3,113,Hibernating
14603,5683,1,660.0,1,1,3,113,Hibernating
14606,5572,48,6471.38,5,5,5,555,Champions
14607,5670,1,495.0,2,1,3,213,Hibernating
14609,5586,2,295.2,5,3,2,532,Potential Loyalists
14616,5651,3,406.08,2,4,3,243,At-Risk
14618,5746,1,211.8,1,1,2,112,Hibernating
14619,5654,1,394.44,2,1,3,213,Hibernating
14620,5614,2,412.78,3,3,3,333,Need Attention
14621,5596,1,330.61,4,1,2,412,Promising
14622,5593,1,320.58,4,1,2,412,Promising
14623,5595,2,397.86,4,3,3,433,Potential Loyalists
14625,5605,1,314.1,4,1,2,412,Promising
14626,5642,1,586.9,2,1,3,213,Hibernating
14628,5651,1,331.58,2,1,2,212,Hibernating
14631,5644,2,630.08,2,3,3,233,At-Risk
14632,5671,1,114.56,2,1,1,211,Hibernating
14633,5675,1,344.9,2,1,2,212,Hibernating
14636,5677,1,300.19,1,1,2,112,Hibernating
14639,5700,1,558.59,1,1,3,113,Hibernating
14640,5579,2,819.75,5,3,4,534,Potential Loyalists
14643,5579,1,335.87,5,1,2,512,New Customers
14644,5707,1,187.5,1,1,1,111,Hibernating
14645,5684,1,240.1,1,1,2,112,Hibernating
14646,5573,30,127410.23,5,5,5,555,Champions
14647,5610,1,243.22,3,1,2,312,About to Sleep
14649,5621,2,584.22,3,3,3,333,Need Attention
14651,5620,1,416.32,3,1,3,313,About to Sleep
14653,5747,1,344.81,1,1,2,112,Hibernating
14655,5631,1,810.56,3,1,4,314,About to Sleep
14656,5578,2,291.05,5,3,2,532,Potential Loyalists
14657,5691,2,524.4,1,3,3,133,At-Risk
14659,5596,5,1381.76,4,5,5,455,Loyal Customers
14662,5643,3,524.86,2,4,3,243,At-Risk
14665,5705,3,731.66,1,4,4,144,At-Risk
14667,5580,9,2812.73,5,5,5,555,Champions
14669,5650,3,1269.99,2,4,4,244,At-Risk
14670,5689,2,411.53,1,3,3,133,At-Risk
14672,5643,2,765.55,2,3,4,234,At-Risk
14676,5616,3,1148.52,3,4,4,344,Loyal Customers
14680,5587,8,12634.73,4,5,5,455,Loyal Customers
14681,5620,1,393.95,3,1,3,313,About to Sleep
14682,5596,2,52.0,4,3,1,431,Potential Loyalists
14684,5624,1,350.9,3,1,2,312,About to Sleep
14688,5573,11,2660.04,5,5,5,555,Champions
14689,5617,1,112.8,3,1,1,311,About to Sleep
14691,5621,1,439.6,3,1,3,313,About to Sleep
14692,5644,3,480.3,2,4,3,243,At-Risk
14693,5673,1,172.9,2,1,1,211,Hibernating
14696,5596,3,876.77,4,4,4,444,Loyal Customers
14697,5627,2,188.61,3,3,1,331,Need Attention
14699,5623,1,109.13,3,1,1,311,About to Sleep
14700,5598,2,1557.6,4,3,5,435,Potential Loyalists
14701,5581,7,1958.28,5,5,5,555,Champions
14702,5571,6,1068.95,5,5,4,554,Champions
14704,5589,1,110.12,4,1,1,411,Promising
14705,5607,1,179.0,4,1,1,411,Promising
14709,5596,4,1628.94,4,5,5,455,Loyal Customers
14711,5571,7,1915.85,5,5,5,555,Champions
14713,5595,5,1023.79,4,5,4,454,Loyal Customers
14715,5707,2,247.45,1,3,2,132,At-Risk
14719,5588,2,488.12,4,3,3,433,Potential Loyalists
14727,5683,1,268.58,1,1,2,112,Hibernating
14730,5587,4,767.07,4,5,4,454,Loyal Customers
14731,5614,2,251.02,3,3,2,332,Need Attention
14732,5595,4,1283.2,4,5,4,454,Loyal Customers
14733,5579,6,3991.84,5,5,5,555,Champions
14735,5585,17,2634.21,5,5,5,555,Champions
14738,5608,4,525.69,3,5,3,353,Loyal Customers
14739,5628,2,593.74,3,3,3,333,Need Attention
14740,5606,3,1448.21,4,4,5,445,Loyal Customers
14741,5573,1,173.56,5,1,1,511,New Customers
14744,5706,4,703.03,1,5,4,154,Cannot Lose Them
14745,5593,2,581.67,4,3,3,433,Potential Loyalists
14747,5658,1,328.2,2,1,2,212,Hibernating
14748,5621,1,300.71,3,1,2,312,About to Sleep
14754,5704,1,228.27,1,1,2,112,Hibernating
14755,5585,5,2239.28,5,5,5,555,Champions
14758,5614,3,1206.94,3,4,4,344,Loyal Customers
14759,5641,1,572.25,2,1,3,213,Hibernating
14760,5706,1,89.2,1,1,1,111,Hibernating
14761,5743,1,97.5,1,1,1,111,Hibernating
14762,5672,1,300.52,2,1,2,212,Hibernating
14765,5585,1,80.5,5,1,1,511,New Customers
14766,5577,3,1350.92,5,4,5,545,Champions
14769,5610,3,5490.34,3,4,5,345,Loyal Customers
14770,5641,2,876.42,2,3,4,234,At-Risk
14776,5580,6,1469.16,5,5,5,555,Champions
14778,5717,1,334.05,1,1,2,112,Hibernating
14779,5689,3,386.15,1,4,3,143,At-Risk
14782,5728,1,200.1,1,1,1,111,Hibernating
14784,5732,1,114.68,1,1,1,111,Hibernating
14790,5662,1,152.16,2,1,1,211,Hibernating
14794,5612,4,679.54,3,5,4,354,Loyal Customers
14795,5575,1,131.45,5,1,1,511,New Customers
14796,5581,8,2989.74,5,5,5,555,Champions
14798,5719,1,75.68,1,1,1,111,Hibernating
14800,5600,5,2174.21,4,5,5,455,Loyal Customers
14803,5571,3,845.55,5,4,4,544,Champions
14805,5722,1,109.25,1,1,1,111,Hibernating
14808,5575,3,932.41,5,4,4,544,Champions
14810,5607,7,1098.26,4,5,4,454,Loyal Customers
14816,5606,1,271.85,4,1,2,412,Promising
14817,5609,2,1110.34,3,3,4,334,Need Attention
14818,5578,2,409.63,5,3,3,533,Potential Loyalists
14819,5601,1,84.72,4,1,1,411,Promising
14820,5582,1,139.77,5,1,1,511,New Customers
14823,5589,3,321.43,4,4,2,442,Loyal Customers
14825,5578,4,810.89,5,5,4,554,Champions
14828,5605,3,2139.76,4,4,5,445,Loyal Customers
14829,5593,1,146.3,4,1,1,411,Promising
14834,5649,1,243.69,2,2,2,222,Hibernating
14837,5575,2,957.44,5,3,4,534,Potential Loyalists
14840,5676,1,62.85,2,2,1,221,Hibernating
14841,5588,3,1980.41,4,4,5,445,Loyal Customers
14842,5600,2,1688.48,4,3,5,435,Potential Loyalists
14844,5585,2,1543.35,5,3,5,535,Potential Loyalists
14849,5585,7,2830.76,5,5,5,555,Champions
14850,5720,1,325.75,1,2,2,122,Hibernating
14851,5665,1,206.13,2,2,2,222,Hibernating
14852,5586,3,1208.25,5,4,4,544,Champions
14853,5620,1,214.5,3,2,2,322,About to Sleep
14854,5573,5,1933.18,5,5,5,555,Champions
14859,5613,1,296.86,3,2,2,322,About to Sleep
14867,5594,3,710.28,4,4,4,444,Loyal Customers
14868,5642,1,439.33,2,2,3,223,Hibernating
14870,5670,1,327.25,2,2,2,222,Hibernating
14871,5587,2,214.35,4,3,2,432,Potential Loyalists
14873,5619,1,519.68,3,2,3,323,About to Sleep
14875,5671,1,362.0,2,2,3,223,Hibernating
14878,5582,5,761.01,5,5,4,554,Champions
14880,5594,2,363.27,4,3,3,433,Potential Loyalists
14883,5572,2,358.48,5,3,3,533,Potential Loyalists
14886,5661,1,364.8,2,2,3,223,Hibernating
14888,5616,1,369.2,3,2,3,323,About to Sleep
14889,5745,1,135.9,1,2,1,121,Hibernating
14890,5662,1,125.65,2,2,1,221,Hibernating
14891,5596,1,449.38,4,2,3,423,Potential Loyalists
14895,5591,5,4729.76,4,5,5,455,Loyal Customers
14896,5613,1,211.55,3,2,2,322,About to Sleep
14897,5705,1,175.5,1,2,1,121,Hibernating
14898,5649,3,512.43,2,4,3,243,At-Risk
14903,5609,3,1800.23,3,4,5,345,Loyal Customers
14905,5642,1,308.55,2,2,2,222,Hibernating
14911,5571,65,41140.04,5,5,5,555,Champions
14912,5655,1,482.79,2,2,3,223,Hibernating
14913,5592,2,616.28,4,3,3,433,Potential Loyalists
14915,5686,1,142.28,1,2,1,121,Hibernating
14916,5733,1,295.05,1,2,2,122,Hibernating
14920,5621,2,977.77,3,3,4,334,Need Attention
14921,5610,1,903.01,3,2,4,324,About to Sleep
14924,5654,1,310.05,2,2,2,222,Hibernating
14930,5683,1,1104.13,1,2,4,124,Hibernating
14931,5615,2,586.0,3,3,3,333,Need Attention
14934,5691,1,828.84,1,2,4,124,Hibernating
14935,5706,1,1784.71,1,2,5,125,Hibernating
14936,5584,2,3636.39,5,3,5,535,Potential Loyalists
14944,5595,5,1832.03,4,5,5,455,Loyal Customers
14948,5628,1,278.4,3,2,2,322,About to Sleep
14952,5615,6,2848.45,3,5,5,355,Loyal Customers
14957,5662,1,58.49,2,2,1,221,Hibernating
14958,5594,2,392.28,4,3,3,433,Potential Loyalists
14959,5624,2,422.38,3,3,3,333,Need Attention
14960,5580,1,88.3,5,2,1,521,Potential Loyalists
14961,5641,3,1996.96,2,4,5,245,At-Risk
14962,5679,1,126.7,1,2,1,121,Hibernating
14963,5592,1,294.2,4,2,2,422,Potential Loyalists
14964,5656,1,206.21,2,2,2,222,Hibernating
14970,5661,2,782.25,2,3,4,234,At-Risk
14973,5634,1,654.6,2,2,3,223,Hibernating
14976,5605,3,450.26,4,4,3,443,Loyal Customers
14978,5644,4,1537.28,2,5,5,255,Cannot Lose Them
14981,5655,1,102.12,2,2,1,221,Hibernating
14984,5589,1,110.18,4,2,1,421,Potential Loyalists
14985,5607,1,172.24,4,2,1,421,Potential Loyalists
14988,5620,1,334.54,3,2,2,322,About to Sleep
14995,5689,1,119.31,1,2,1,121,Hibernating
14997,5587,1,155.28,4,2,1,421,Potential Loyalists
14998,5579,2,429.87,5,3,3,533,Potential Loyalists
15002,5705,2,515.94,1,3,3,133,At-Risk
15005,5571,13,3017.39,5,5,5,555,Champions
15014,5585,1,117.73,5,2,1,521,Potential Loyalists
15016,5581,1,170.04,5,2,1,521,Potential Loyalists
15018,5661,1,180.09,2,2,1,221,Hibernating
15019,5675,1,266.0,2,2,2,222,Hibernating
15021,5584,3,697.59,5,4,4,544,Champions
15023,5578,4,3214.96,5,5,5,555,Champions
15024,5705,1,196.87,1,2,1,121,Hibernating
15026,5649,2,230.78,2,3,2,232,At-Risk
15027,5577,3,966.97,5,4,4,544,Champions
15030,5677,1,152.76,1,2,1,121,Hibernating
15031,5691,1,150.83,1,2,1,121,Hibernating
15032,5665,1,2188.5,2,2,5,225,Hibernating
15033,5617,3,1169.14,3,4,4,344,Loyal Customers
15034,5641,4,1821.93,2,5,5,255,Cannot Lose Them
15036,5586,2,245.69,5,3,2,532,Potential Loyalists
15038,5596,3,391.02,4,4,3,443,Loyal Customers
15039,5571,28,14231.61,5,5,5,555,Champions
15041,5579,1,180.35,5,2,1,521,Potential Loyalists
15042,5608,1,135.93,3,2,1,321,About to Sleep
15044,5585,8,2908.92,5,5,5,555,Champions
15045,5666,1,388.9,2,2,3,223,Hibernating
15046,5582,9,2920.26,5,5,5,555,Champions
15047,5678,1,343.62,1,2,2,122,Hibernating
15048,5629,1,157.75,3,2,1,321,About to Sleep
15049,5682,1,121.17,1,2,1,121,Hibernating
15052,5728,1,215.78,1,2,2,122,Hibernating
15053,5690,1,222.65,1,2,2,122,Hibernating
15057,5684,2,1489.5,1,3,5,135,At-Risk
15058,5592,6,1011.31,4,5,4,454,Loyal Customers
15059,5579,5,732.93,5,5,4,554,Champions
15061,5580,20,12269.38,5,5,5,555,Champions
15062,5626,2,604.96,3,3,3,333,Need Attention
15063,5622,1,370.8,3,2,3,323,About to Sleep
15065,5573,3,2858.75,5,4,5,545,Champions
15067,5691,1,848.05,1,2,4,124,Hibernating
15068,5665,1,239.96,2,2,2,222,Hibernating
15069,5588,1,1109.53,4,2,4,424,Potential Loyalists
15071,5684,1,588.67,1,2,3,123,Hibernating
15073,5594,2,861.96,4,3,4,434,Potential Loyalists
15076,5581,1,880.85,5,2,4,524,Potential Loyalists
15078,5599,10,3365.51,4,5,5,455,Loyal Customers
15079,5621,3,753.66,3,4,4,344,Loyal Customers
15081,5617,1,136.9,3,2,1,321,About to Sleep
15083,5665,1,88.2,2,2,1,221,Hibernating
15087,5690,1,306.94,1,2,2,122,Hibernating
15090,5717,1,381.32,1,2,3,123,Hibernating
15092,5624,2,457.81,3,3,3,333,Need Attention
15093,5615,3,2772.95,3,4,5,345,Loyal Customers
15095,5612,1,770.5,3,2,4,324,About to Sleep
15098,5591,3,39916.5,4,4,5,445,Loyal Customers
15100,5742,1,175.2,1,2,1,121,Hibernating
15104,5605,2,1027.44,4,3,4,434,Potential Loyalists
15106,5620,2,778.45,3,3,4,334,Need Attention
15107,5720,4,142.45,1,5,1,151,Cannot Lose Them
15108,5595,3,623.45,4,4,3,443,Loyal Customers
15109,5654,1,484.95,2,2,3,223,Hibernating
15110,5727,1,169.65,1,2,1,121,Hibernating
15114,5591,4,1027.25,4,5,4,454,Loyal Customers
15116,5613,1,479.65,3,2,3,323,About to Sleep
15117,5624,1,312.4,3,2,2,322,About to Sleep
15119,5654,1,266.4,2,2,2,222,Hibernating
15121,5697,1,295.15,1,2,2,122,Hibernating
15122,5613,2,930.61,3,3,4,334,Need Attention
15123,5615,1,1069.47,3,2,4,324,About to Sleep
15124,5600,1,90.75,4,2,1,421,Potential Loyalists
15125,5581,8,8380.18,5,5,5,555,Champions
15128,5577,2,858.1,5,3,4,534,Potential Loyalists
15129,5585,7,1801.33,5,5,5,555,Champions
15130,5578,1,330.11,5,2,2,522,Potential Loyalists
15132,5608,2,489.87,3,3,3,333,Need Attention
15133,5666,2,657.9,2,3,3,233,At-Risk
15134,5586,3,411.08,5,4,3,543,Champions
15135,5648,1,139.05,2,2,1,221,Hibernating
15139,5648,2,178.96,2,3,1,231,At-Risk
15140,5607,3,1127.45,4,4,4,444,Loyal Customers
15143,5634,1,259.45,2,2,2,222,Hibernating
15144,5626,5,1695.02,3,5,5,355,Loyal Customers
15145,5636,2,724.03,2,3,4,234,At-Risk
15146,5573,2,1327.16,5,3,5,535,Potential Loyalists
15147,5649,1,623.5,2,2,3,223,Hibernating
15150,5595,2,1318.07,4,3,5,435,Potential Loyalists
15152,5596,1,756.1,4,2,4,424,Potential Loyalists
15159,5580,13,4284.61,5,5,5,555,Champions
15163,5601,1,155.0,4,2,1,421,Potential Loyalists
15164,5617,2,368.18,3,3,3,333,Need Attention
15167,5729,1,163.0,1,2,1,121,Hibernating
15171,5740,1,1289.5,1,2,4,124,Hibernating
15172,5605,2,526.2,4,3,3,433,Potential Loyalists
15174,5731,1,135.75,1,2,1,121,Hibernating
15178,5669,1,40.5,2,2,1,221,Hibernating
15179,5642,3,1455.12,2,4,5,245,At-Risk
15181,5584,2,435.0,5,3,3,533,Potential Loyalists
15182,5677,1,370.48,1,2,3,123,Hibernating
15184,5599,1,235.23,4,2,2,422,Potential Loyalists
15186,5577,1,229.26,5,2,2,522,Potential Loyalists
15187,5577,2,1038.8,5,3,4,534,Potential Loyalists
15189,5572,19,6319.43,5,5,5,555,Champions
15192,5600,1,422.99,4,2,3,423,Potential Loyalists
15194,5579,7,2508.52,5,5,5,555,Champions
15197,5661,1,216.75,2,2,2,222,Hibernating
15199,5644,2,657.15,2,3,3,233,At-Risk
15201,5613,2,602.27,3,3,3,333,Need Attention
15203,5607,2,692.9,4,3,4,434,Potential Loyalists
15206,5684,1,17.7,1,2,1,121,Hibernating
15208,5572,1,258.12,5,2,2,522,Potential Loyalists
15210,5634,1,331.18,2,2,2,222,Hibernating
15212,5650,1,101.8,2,2,1,221,Hibernating
15213,5727,2,328.35,1,3,2,132,At-Risk
15214,5592,2,651.63,4,3,3,433,Potential Loyalists
15218,5587,4,2447.6,4,5,5,455,Loyal Customers
15219,5585,1,305.75,5,2,2,522,Potential Loyalists
15220,5578,4,946.81,5,5,4,554,Champions
15222,5727,1,585.0,1,2,3,123,Hibernating
15223,5634,2,755.75,2,3,4,234,At-Risk
15225,5643,1,409.4,2,2,3,223,Hibernating
15226,5719,1,154.41,1,2,1,121,Hibernating
15227,5624,3,876.82,3,4,4,344,Loyal Customers
15228,5578,2,1253.45,5,3,4,534,Potential Loyalists
15230,5648,2,429.6,2,3,3,233,At-Risk
15234,5685,1,197.0,1,2,1,121,Hibernating
15235,5626,9,1552.87,3,5,5,355,Loyal Customers
15236,5707,1,321.05,1,2,2,122,Hibernating
15237,5612,2,1093.65,3,3,4,334,Need Attention
15238,5593,1,300.14,4,2,2,422,Potential Loyalists
15240,5600,3,1045.38,4,4,4,444,Loyal Customers
15241,5592,4,1065.36,4,5,4,454,Loyal Customers
15244,5657,1,297.94,2,2,2,222,Hibernating
15245,5596,2,1737.72,4,3,5,435,Potential Loyalists
15246,5647,1,328.15,2,2,2,222,Hibernating
15249,5605,5,2841.37,4,5,5,455,Loyal Customers
15251,5587,3,5489.2,4,4,5,445,Loyal Customers
15252,5592,1,300.55,4,2,2,422,Potential Loyalists
15253,5578,1,173.85,5,2,1,521,Potential Loyalists
15257,5692,1,317.15,1,2,2,122,Hibernating
15258,5577,2,623.16,5,3,3,533,Potential Loyalists
15260,5595,3,849.98,4,4,4,444,Loyal Customers
15262,5732,1,178.95,1,2,1,121,Hibernating
15265,5644,1,712.24,2,2,4,224,Hibernating
15266,5747,1,119.3,1,2,1,121,Hibernating
15267,5591,1,1035.76,4,2,4,424,Potential Loyalists
15270,5647,4,1313.75,2,5,5,255,Cannot Lose Them
15271,5571,6,944.7,5,5,4,554,Champions
15280,5581,1,113.12,5,2,1,521,Potential Loyalists
15281,5606,6,1927.41,4,5,5,455,Loyal Customers
15288,5609,2,1458.35,3,3,5,335,Need Attention
15289,5658,1,375.45,2,2,3,223,Hibernating
15290,5612,7,1812.97,3,5,5,355,Loyal Customers
15291,5581,9,2657.37,5,5,5,555,Champions
15292,5610,1,180.94,3,2,1,321,About to Sleep
15296,5584,4,2091.49,5,5,5,555,Champions
15298,5596,4,1379.6,4,5,5,455,Loyal Customers
15299,5573,2,1200.0,5,3,4,534,Potential Loyalists
15301,5581,6,2139.74,5,5,5,555,Champions
15303,5699,1,574.02,1,2,3,123,Hibernating
15304,5573,5,368.75,5,5,3,553,Champions
15308,5683,1,310.47,1,2,2,122,Hibernating
15311,5572,40,34433.11,5,5,5,555,Champions
15312,5624,1,318.16,3,2,2,322,About to Sleep
15314,5608,1,327.97,3,2,2,322,About to Sleep
15316,5735,1,165.0,1,2,1,121,Hibernating
15319,5692,1,204.5,1,2,1,121,Hibernating
15321,5700,1,1159.47,1,2,4,124,Hibernating
15326,5742,1,311.71,1,2,2,122,Hibernating
15329,5580,1,309.1,5,2,2,522,Potential Loyalists
15333,5617,1,1028.56,3,2,4,324,About to Sleep
15334,5572,2,224.14,5,3,2,532,Potential Loyalists
15339,5727,1,257.9,1,2,2,122,Hibernating
15346,5741,1,252.42,1,2,2,122,Hibernating
15349,5596,1,366.11,4,2,3,423,Potential Loyalists
15353,5663,1,465.37,2,2,3,223,Hibernating
15356,5584,4,1242.03,5,5,4,554,Champions
15358,5587,11,4152.4,4,5,5,455,Loyal Customers
15364,5663,1,331.8,2,2,2,222,Hibernating
15365,5724,1,208.61,1,2,2,122,Hibernating
15367,5654,2,1416.18,2,3,5,235,At-Risk
15370,5612,3,1127.94,3,4,4,344,Loyal Customers
15373,5582,5,983.2,5,5,4,554,Champions
15376,5631,1,654.17,3,2,3,323,About to Sleep
15379,5578,6,2211.83,5,5,5,555,Champions
15381,5622,2,596.85,3,3,3,333,Need Attention
15382,5593,4,2127.12,4,5,5,455,Loyal Customers
15384,5578,1,338.84,5,2,2,522,Potential Loyalists
15386,5595,1,394.14,4,2,3,423,Potential Loyalists
15388,5679,1,140.54,1,2,1,121,Hibernating
15389,5581,1,500.0,5,2,3,523,Potential Loyalists
15393,5690,1,124.1,1,2,1,121,Hibernating
15394,5613,1,848.78,3,2,4,324,About to Sleep
15395,5734,1,107.45,1,2,1,121,Hibernating
15397,5698,1,94.0,1,2,1,121,Hibernating
15400,5593,2,458.8,4,3,3,433,Potential Loyalists
15402,5605,1,440.99,4,2,3,423,Potential Loyalists
15405,5598,1,349.1,4,2,2,422,Potential Loyalists
15406,5710,1,252.29,1,2,2,122,Hibernating
15407,5592,3,740.73,4,4,4,444,Loyal Customers
15408,5673,1,267.18,2,2,2,222,Hibernating
15410,5581,5,2361.93,5,5,5,555,Champions
15411,5591,1,156.4,4,2,1,421,Potential Loyalists
15412,5580,1,190.53,5,2,1,521,Potential Loyalists
15414,5651,1,36.2,2,2,1,221,Hibernating
15415,5722,1,572.81,1,2,3,123,Hibernating
15416,5648,2,2274.43,2,3,5,235,At-Risk
15421,5624,3,739.36,3,4,4,344,Loyal Customers
15422,5732,2,97.7,1,3,1,131,At-Risk
15424,5663,2,383.34,2,3,3,233,At-Risk
15426,5666,1,251.56,2,2,2,222,Hibernating
15433,5622,2,533.3,3,3,3,333,Need Attention
15434,5609,1,306.96,3,2,2,322,About to Sleep
15436,5643,1,489.05,2,2,3,223,Hibernating
15437,5671,1,200.16,2,2,1,221,Hibernating
15440,5617,1,125.8,3,2,1,321,About to Sleep
15442,5657,1,594.0,2,2,3,223,Hibernating
15443,5729,1,437.71,1,2,3,123,Hibernating
15445,5673,1,113.5,2,2,1,221,Hibernating
15447,5739,1,155.17,1,2,1,121,Hibernating
15448,5721,1,494.64,1,2,3,123,Hibernating
15449,5594,2,647.7,4,3,3,433,Potential Loyalists
15452,5673,1,247.25,2,2,2,222,Hibernating
15453,5578,2,345.03,5,3,2,532,Potential Loyalists
15456,5692,2,204.0,1,3,1,131,At-Risk
15457,5671,1,237.07,2,2,2,222,Hibernating
15462,5596,1,105.0,4,2,1,421,Potential Loyalists
15464,5747,1,1048.85,1,2,4,124,Hibernating
15465,5589,11,4484.66,4,5,5,455,Loyal Customers
15482,5574,2,1379.86,5,3,5,535,Potential Loyalists
15483,5675,1,114.85,2,2,1,221,Hibernating
15485,5745,1,328.54,1,2,2,122,Hibernating
15489,5620,1,348.26,3,2,2,322,About to Sleep
15491,5588,4,2409.95,4,5,5,455,Loyal Customers
15493,5658,2,951.25,2,3,4,234,At-Risk
15497,5728,1,970.6,1,2,4,124,Hibernating
15498,5577,14,7133.99,5,5,5,555,Champions
15502,5684,1,1711.06,1,2,5,125,Hibernating
15507,5580,1,492.36,5,2,3,523,Potential Loyalists
15508,5598,6,1000.27,4,5,4,454,Loyal Customers
15510,5739,1,250.0,1,2,2,122,Hibernating
15513,5584,11,5781.3,5,5,5,555,Champions
15514,5634,2,677.23,2,3,4,234,At-Risk
15517,5642,1,267.03,2,2,2,222,Hibernating
15518,5624,4,987.57,3,5,4,354,Loyal Customers
15521,5621,4,1667.78,3,5,5,355,Loyal Customers
15527,5591,3,925.89,4,4,4,444,Loyal Customers
15528,5663,1,229.33,2,2,2,222,Hibernating
15529,5619,5,1610.75,3,5,5,355,Loyal Customers
15530,5578,2,990.88,5,3,4,534,Potential Loyalists
15532,5575,1,545.34,5,2,3,523,Potential Loyalists
15535,5582,4,536.4,5,5,3,553,Champions
15537,5572,1,110.92,5,2,1,521,Potential Loyalists
15543,5697,1,127.86,1,2,1,121,Hibernating
15544,5582,4,1722.95,5,5,5,555,Champions
15547,5603,6,1637.16,4,5,5,455,Loyal Customers
15549,5725,1,942.1,1,2,4,124,Hibernating
15550,5579,2,279.04,5,3,2,532,Potential Loyalists
15552,5626,1,90.12,3,2,1,321,About to Sleep
15554,5686,1,217.2,1,2,2,122,Hibernating
15555,5584,5,1132.17,5,5,4,554,Champions
15561,5624,1,265.75,3,2,2,322,About to Sleep
15563,5609,1,465.43,3,2,3,323,About to Sleep
15569,5741,1,288.5,1,2,2,122,Hibernating
15570,5615,5,1460.78,3,5,5,355,Loyal Customers
15572,5657,3,876.04,2,4,4,244,At-Risk
15574,5586,1,112.1,5,2,1,521,Potential Loyalists
15577,5714,1,29.65,1,2,1,121,Hibernating
15578,5571,1,127.1,5,2,1,521,Potential Loyalists
15579,5722,1,199.6,1,2,1,121,Hibernating
15581,5581,5,327.88,5,5,2,552,Champions
15582,5629,1,303.61,3,2,2,322,About to Sleep
15584,5571,1,154.65,5,2,1,521,Potential Loyalists
15585,5585,1,455.3,5,2,3,523,Potential Loyalists
15589,5664,3,478.53,2,4,3,243,At-Risk
15594,5643,1,267.91,2,2,2,222,Hibernating
15596,5623,3,987.37,3,4,4,344,Loyal Customers
15599,5613,1,448.83,3,2,3,323,About to Sleep
15601,5579,8,3886.95,5,5,5,555,Champions
15602,5609,3,390.4,3,4,3,343,Loyal Customers
15605,5661,2,495.33,2,3,3,233,At-Risk
15606,5579,7,2136.16,5,5,5,555,Champions
15607,5745,1,104.76,1,2,1,121,Hibernating
15609,5593,1,298.48,4,2,2,422,Potential Loyalists
15611,5572,6,546.67,5,5,3,553,Champions
15615,5571,11,4819.99,5,5,5,555,Champions
15620,5629,1,450.52,3,2,3,323,About to Sleep
15622,5606,5,2602.0,4,5,5,455,Loyal Customers
15624,5615,2,311.4,3,3,2,332,Need Attention
15625,5588,2,945.27,4,3,4,434,Potential Loyalists
15626,5738,1,281.88,1,2,2,122,Hibernating
15628,5591,2,685.94,4,3,4,434,Potential Loyalists
15630,5613,1,396.86,3,2,3,323,About to Sleep
15632,5591,4,1556.66,4,5,5,455,Loyal Customers
15636,5691,1,306.7,1,2,2,122,Hibernating
15640,5594,5,4013.53,4,5,5,455,Loyal Customers
15641,5669,2,997.01,2,3,4,234,At-Risk
15643,5600,3,664.0,4,4,3,443,Loyal Customers
15644,5575,4,813.0,5,5,4,554,Champions
15646,5655,1,150.24,2,2,1,221,Hibernating
15648,5613,2,657.35,3,3,3,333,Need Attention
15649,5745,1,306.0,1,2,2,122,Hibernating
15651,5669,1,227.32,2,2,2,222,Hibernating
15655,5652,1,560.67,2,2,3,223,Hibernating
15656,5587,3,563.63,4,4,3,443,Loyal Customers
15658,5599,4,717.9,4,5,4,454,Loyal Customers
15660,5613,3,529.72,3,4,3,343,Loyal Customers
15661,5726,2,309.8,1,3,2,132,At-Risk
15665,5577,2,2242.01,5,3,5,535,Potential Loyalists
15668,5626,1,76.32,3,2,1,321,About to Sleep
15669,5585,2,434.74,5,3,3,533,Potential Loyalists
15670,5705,1,173.05,1,2,1,121,Hibernating
15671,5651,3,1033.13,2,4,4,244,At-Risk
15673,5623,2,1785.73,3,3,5,335,Need Attention
15674,5622,4,1379.66,3,5,5,355,Loyal Customers
15675,5689,1,45.0,1,2,1,121,Hibernating
15676,5692,1,897.8,1,2,4,124,Hibernating
15679,5591,1,178.22,4,2,1,421,Potential Loyalists
15681,5592,3,703.22,4,4,4,444,Loyal Customers
15687,5595,5,1679.45,4,5,5,455,Loyal Customers
15691,5661,1,136.8,2,2,1,221,Hibernating
15694,5585,6,2458.45,5,5,5,555,Champions
15695,5675,2,409.98,2,3,3,233,At-Risk
15696,5629,6,1637.9,3,5,5,355,Loyal Customers
15700,5581,2,696.68,5,3,4,534,Potential Loyalists
15703,5673,1,211.5,2,2,2,222,Hibernating
15704,5596,2,1507.32,4,3,5,435,Potential Loyalists
15705,5610,1,143.1,3,2,1,321,About to Sleep
15708,5631,4,1717.62,3,5,5,355,Loyal Customers
15709,5692,1,133.25,1,2,1,121,Hibernating
15712,5592,2,458.65,4,3,3,433,Potential Loyalists
15716,5610,2,355.34,3,3,2,332,Need Attention
15717,5643,1,150.3,2,2,1,221,Hibernating
15719,5587,8,2773.12,4,5,5,455,Loyal Customers
15722,5596,2,770.65,4,3,4,434,Potential Loyalists
15724,5610,2,218.25,3,3,2,332,Need Attention
15727,5607,3,1714.02,4,4,5,445,Loyal Customers
15729,5621,1,85.0,3,2,1,321,About to Sleep
15730,5615,1,467.43,3,2,3,323,About to Sleep
15732,5621,1,156.02,3,2,1,321,About to Sleep
15733,5691,1,162.3,1,2,1,121,Hibernating
15734,5609,1,578.65,3,2,3,323,About to Sleep
15737,5595,4,729.73,4,5,4,454,Loyal Customers
15738,5592,9,2599.41,4,5,5,455,Loyal Customers
15743,5593,1,322.55,4,2,2,422,Potential Loyalists
15745,5645,1,302.85,2,2,2,222,Hibernating
15747,5581,1,242.65,5,2,2,522,Potential Loyalists
15749,5644,3,44534.3,2,4,5,245,At-Risk
15750,5579,2,769.31,5,3,4,534,Potential Loyalists
15752,5658,2,785.53,2,3,4,234,At-Risk
15753,5713,1,79.2,1,2,1,121,Hibernating
15754,5655,1,91.8,2,2,1,221,Hibernating
15755,5644,2,620.73,2,3,3,233,At-Risk
15756,5622,2,249.12,3,3,2,332,Need Attention
15757,5626,1,261.36,3,2,2,322,About to Sleep
15759,5627,2,155.8,3,3,1,331,Need Attention
15764,5593,3,1694.52,4,4,5,445,Loyal Customers
15768,5612,2,479.15,3,3,3,333,Need Attention
15769,5581,13,30673.92,5,5,5,555,Champions
15775,5654,1,104.9,2,2,1,221,Hibernating
15777,5650,3,681.56,2,4,4,244,At-Risk
15780,5592,2,298.13,4,3,2,432,Potential Loyalists
15781,5714,1,83.35,1,2,1,121,Hibernating
15785,5606,2,1330.4,4,3,5,435,Potential Loyalists
15791,5613,1,1223.24,3,2,4,324,About to Sleep
15793,5677,1,306.64,1,2,2,122,Hibernating
15796,5596,4,1249.92,4,5,4,454,Loyal Customers
15797,5623,3,1840.2,3,4,5,345,Loyal Customers
15799,5594,2,481.24,4,3,3,433,Potential Loyalists
15800,5655,1,244.5,2,2,2,222,Hibernating
15804,5579,2,1125.39,5,4,4,544,Champions
15805,5584,9,2626.95,5,5,5,555,Champions
15806,5685,1,300.36,1,2,2,122,Hibernating
15808,5715,2,1485.12,1,4,5,145,At-Risk
15809,5593,4,399.21,4,5,3,453,Loyal Customers
15810,5579,3,1361.19,5,4,5,545,Champions
15811,5614,2,856.04,3,4,4,344,Loyal Customers
15812,5598,3,1054.22,4,4,4,444,Loyal Customers
15813,5616,2,1303.91,3,4,4,344,Loyal Customers
15815,5621,3,1394.08,3,4,5,345,Loyal Customers
15819,5608,2,1177.14,3,4,4,344,Loyal Customers
15820,5728,1,206.98,1,2,2,122,Hibernating
15825,5581,1,532.94,5,2,3,523,Potential Loyalists
15826,5619,1,720.0,3,2,4,324,About to Sleep
15827,5592,8,924.74,4,5,4,454,Loyal Customers
15831,5733,1,309.94,1,2,2,122,Hibernating
15832,5663,1,836.79,2,2,4,224,Hibernating
15834,5574,3,1791.82,5,4,5,545,Champions
15835,5669,2,488.31,2,4,3,243,At-Risk
15838,5574,9,8610.06,5,5,5,555,Champions
15840,5581,1,241.74,5,2,2,522,Potential Loyalists
15841,5627,2,613.26,3,4,3,343,Loyal Customers
15843,5712,1,118.95,1,2,1,121,Hibernating
15845,5588,4,1963.34,4,5,5,455,Loyal Customers
15847,5697,1,180.68,1,2,1,121,Hibernating
15850,5577,1,118.88,5,2,1,521,Potential Loyalists
15852,5595,2,160.71,4,4,1,441,Loyal Customers
15854,5581,7,1807.59,5,5,5,555,Champions
15855,5592,4,474.69,4,5,3,453,Loyal Customers
15856,5591,6,4392.6,4,5,5,455,Loyal Customers
15858,5698,1,432.29,1,2,3,123,Hibernating
15860,5641,2,317.6,2,4,2,242,At-Risk
15861,5676,2,722.48,2,4,4,244,At-Risk
15862,5613,1,136.78,3,2,1,321,About to Sleep
15863,5601,1,9.2,4,2,1,421,Potential Loyalists
15864,5586,2,414.26,5,4,3,543,Champions
15865,5622,1,313.93,3,2,2,322,About to Sleep
15867,5592,7,1500.55,4,5,5,455,Loyal Customers
15869,5686,2,149.64,1,4,1,141,At-Risk
15874,5586,6,2207.75,5,5,5,555,Champions
15881,5721,3,346.14,1,4,2,142,At-Risk
15882,5607,2,145.04,4,4,1,441,Loyal Customers
15885,5718,1,15.0,1,2,1,121,Hibernating
15891,5635,1,524.52,2,2,3,223,Hibernating
15894,5662,1,106.81,2,2,1,221,Hibernating
15897,5603,2,222.05,4,4,2,442,Loyal Customers
15898,5635,2,481.3,2,4,3,243,At-Risk
15903,5636,2,641.64,2,4,3,243,At-Risk
15906,5628,3,683.16,3,4,4,344,Loyal Customers
15907,5585,2,529.52,5,4,3,543,Champions
15909,5582,1,191.94,5,2,1,521,Potential Loyalists
15910,5616,4,550.61,3,5,3,353,Loyal Customers
15912,5587,2,264.62,4,4,2,442,Loyal Customers
15916,5600,3,616.08,4,4,3,443,Loyal Customers
15917,5656,1,123.1,2,2,1,221,Hibernating
15918,5599,2,334.23,4,4,2,442,Loyal Customers
15921,5581,1,336.03,5,2,2,522,Potential Loyalists
15925,5603,1,207.15,4,2,2,422,Potential Loyalists
15932,5574,5,1583.37,5,5,5,555,Champions
15935,5648,2,416.86,2,4,3,243,At-Risk
15938,5610,4,335.3,3,5,2,352,Loyal Customers
15939,5589,10,5219.87,4,5,5,455,Loyal Customers
15940,5720,1,35.8,1,2,1,121,Hibernating
15944,5685,1,325.1,1,2,2,122,Hibernating
15951,5694,1,375.17,1,2,3,123,Hibernating
15952,5634,1,232.65,2,2,2,222,Hibernating
15953,5620,3,616.3,3,4,3,343,Loyal Customers
15955,5612,2,873.24,3,4,4,344,Loyal Customers
15967,5727,1,173.8,1,2,1,121,Hibernating
15969,5594,1,308.7,4,2,2,422,Potential Loyalists
15970,5712,1,314.1,1,2,2,122,Hibernating
15971,5651,4,1086.15,2,5,4,254,Cannot Lose Them
15974,5593,4,2054.85,4,5,5,455,Loyal Customers
15976,5574,2,430.94,5,4,3,543,Champions
15980,5663,1,760.18,2,2,4,224,Hibernating
15981,5577,5,2061.0,5,5,5,555,Champions
15984,5642,4,659.38,2,5,3,253,Cannot Lose Them
15985,5645,1,899.58,2,2,4,224,Hibernating
15987,5608,3,402.6,3,4,3,343,Loyal Customers
15990,5696,1,401.37,1,2,3,123,Hibernating
15996,5574,3,533.05,5,4,3,543,Champions
15998,5580,2,1248.67,5,4,4,544,Champions
16003,5574,1,573.7,5,2,3,523,Potential Loyalists
16005,5591,2,298.08,4,4,2,442,Loyal Customers
16006,5620,1,101.4,3,2,1,321,About to Sleep
16007,5589,2,733.45,4,4,4,444,Loyal Customers
16008,5613,1,139.15,3,2,1,321,About to Sleep
16010,5654,2,297.4,2,4,2,242,At-Risk
16011,5585,6,963.61,5,5,4,554,Champions
16013,5581,20,12348.32,5,5,5,555,Champions
16014,5700,1,262.93,1,2,2,122,Hibernating
16016,5605,3,435.3,4,4,3,443,Loyal Customers
16018,5589,1,161.9,4,2,1,421,Potential Loyalists
16019,5641,5,2270.4,2,5,5,255,Cannot Lose Them
16022,5669,1,628.28,2,2,3,223,Hibernating
16023,5601,2,500.69,4,4,3,443,Loyal Customers
16027,5585,4,625.37,5,5,3,553,Champions
16029,5573,29,26633.34,5,5,5,555,Champions
16030,5718,1,331.24,1,2,2,122,Hibernating
16031,5656,1,305.63,2,2,2,222,Hibernating
16033,5574,10,3594.39,5,5,5,555,Champions
16034,5605,3,437.7,4,4,3,443,Loyal Customers
16036,5672,1,188.73,2,2,1,221,Hibernating
16037,5678,2,554.56,1,4,3,143,At-Risk
16038,5586,2,393.33,5,4,3,543,Champions
16040,5677,1,422.43,1,2,3,123,Hibernating
16042,5741,1,24.95,1,2,1,121,Hibernating
16043,5620,3,676.49,3,4,4,344,Loyal Customers
16045,5571,3,1130.65,5,4,4,544,Champions
16050,5582,1,137.9,5,2,1,521,Potential Loyalists
16055,5629,1,134.8,3,2,1,321,About to Sleep
16057,5620,3,1059.54,3,4,4,344,Loyal Customers
16059,5572,3,833.05,5,4,4,544,Champions
16062,5650,1,330.62,2,2,2,222,Hibernating
16063,5669,1,335.32,2,2,2,222,Hibernating
16072,5697,1,584.32,1,2,3,123,Hibernating
16073,5706,1,122.4,1,2,1,121,Hibernating
16076,5617,1,305.45,3,2,2,322,About to Sleep
16078,5692,1,79.2,1,2,1,121,Hibernating
16080,5683,1,130.26,1,2,1,121,Hibernating
16081,5594,2,834.77,4,4,4,444,Loyal Customers
16084,5708,1,436.18,1,2,3,123,Hibernating
16085,5645,2,325.04,2,4,2,242,At-Risk
16086,5609,2,409.8,3,4,3,343,Loyal Customers
16091,5607,1,157.25,4,2,1,421,Potential Loyalists
16092,5606,2,593.73,4,4,3,443,Loyal Customers
16094,5628,1,252.1,3,2,2,322,About to Sleep
16096,5673,1,320.62,2,2,2,222,Hibernating
16097,5649,1,185.05,2,2,1,221,Hibernating
16098,5594,3,791.62,4,4,4,444,Loyal Customers
16099,5634,1,318.3,2,2,2,222,Hibernating
16103,5595,3,805.26,4,4,4,444,Loyal Customers
16105,5657,1,336.96,2,2,2,222,Hibernating
16107,5592,1,532.9,4,2,3,423,Potential Loyalists
16109,5627,2,611.88,3,4,3,343,Loyal Customers
16110,5671,2,693.93,2,4,4,244,At-Risk
16112,5742,2,136.14,1,4,1,141,At-Risk
16113,5592,1,161.38,4,2,1,421,Potential Loyalists
16114,5579,1,135.75,5,2,1,521,Potential Loyalists
16115,5589,4,658.66,4,5,3,453,Loyal Customers
16116,5620,1,612.78,3,2,3,323,About to Sleep
16117,5598,1,232.21,4,2,2,422,Potential Loyalists
16121,5624,1,287.89,3,2,2,322,About to Sleep
16122,5741,1,144.12,1,2,1,121,Hibernating
16124,5726,1,249.0,1,2,2,122,Hibernating
16126,5593,2,1844.0,4,4,5,445,Loyal Customers
16128,5691,1,388.3,1,2,3,123,Hibernating
16131,5616,2,1664.52,3,4,5,345,Loyal Customers
16133,5594,12,6791.37,4,5,5,455,Loyal Customers
16135,5671,1,517.55,2,2,3,223,Hibernating
16136,5686,1,159.3,1,2,1,121,Hibernating
16139,5615,1,139.8,3,2,1,321,About to Sleep
16142,5658,1,535.34,2,2,3,223,Hibernating
16143,5621,2,762.82,3,4,4,344,Loyal Customers
16144,5655,1,175.2,2,2,1,221,Hibernating
16145,5585,4,1344.94,5,5,5,555,Champions
16146,5612,2,659.13,3,4,3,343,Loyal Customers
16148,5705,1,76.32,1,2,1,121,Hibernating
16150,5679,1,571.06,1,2,3,123,Hibernating
16152,5677,1,1829.04,1,2,5,125,Hibernating
16153,5594,2,485.09,4,4,3,443,Loyal Customers
16156,5615,3,1060.57,3,4,4,344,Loyal Customers
16159,5690,1,348.2,1,2,2,122,Hibernating
16161,5578,8,2017.5,5,5,5,555,Champions
16162,5661,1,37.4,2,2,1,221,Hibernating
16163,5641,1,415.0,2,2,3,223,Hibernating
16168,5595,9,1119.51,4,5,4,454,Loyal Customers
16170,5592,3,944.87,4,4,4,444,Loyal Customers
16172,5584,2,551.35,5,4,3,543,Champions
16175,5578,3,736.89,5,4,4,544,Champions
16180,5579,5,4327.28,5,5,5,555,Champions
16182,5612,2,2517.0,3,4,5,345,Loyal Customers
16184,5591,2,447.89,4,4,3,443,Loyal Customers
16185,5641,1,335.0,2,2,2,222,Hibernating
16186,5598,4,1039.67,4,5,4,454,Loyal Customers
16187,5578,8,3475.62,5,5,5,555,Champions
16188,5635,2,565.77,2,4,3,243,At-Risk
16191,5671,6,1988.08,2,5,5,255,Cannot Lose Them
16193,5645,1,314.45,2,2,2,222,Hibernating
16200,5573,1,550.57,5,2,3,523,Potential Loyalists
16203,5636,1,147.6,2,2,1,221,Hibernating
16205,5588,1,112.35,4,2,1,421,Potential Loyalists
16206,5617,2,288.75,3,4,2,342,Loyal Customers
16208,5698,1,497.59,1,2,3,123,Hibernating
16209,5588,3,1904.26,4,4,5,445,Loyal Customers
16210,5622,5,3592.57,3,5,5,355,Loyal Customers
16212,5692,1,498.15,1,2,3,123,Hibernating
16214,5579,3,1062.75,5,4,4,544,Champions
16216,5676,1,914.93,2,2,4,224,Hibernating
16217,5644,2,304.25,2,4,2,242,At-Risk
16218,5615,3,1257.46,3,4,4,344,Loyal Customers
16221,5684,1,148.63,1,2,1,121,Hibernating
16222,5727,1,846.72,1,2,4,124,Hibernating
16224,5649,2,543.21,2,4,3,243,At-Risk
16225,5585,3,600.56,5,4,3,543,Champions
16226,5612,3,255.12,3,4,2,342,Loyal Customers
16227,5634,1,314.22,2,2,2,222,Hibernating
16229,5621,1,358.2,3,2,3,323,About to Sleep
16230,5598,2,542.03,4,4,3,443,Loyal Customers
16232,5624,2,366.47,3,4,3,343,Loyal Customers
16233,5738,1,179.1,1,2,1,121,Hibernating
16235,5595,3,665.29,4,4,3,443,Loyal Customers
16239,5598,1,347.9,4,2,2,422,Potential Loyalists
16241,5586,4,730.13,5,5,4,554,Champions
16242,5574,3,846.59,5,4,4,544,Champions
16244,5620,1,466.12,3,2,3,323,About to Sleep
16245,5665,1,453.98,2,2,3,223,Hibernating
16247,5579,1,114.56,5,2,1,521,Potential Loyalists
16249,5610,2,1020.53,3,4,4,344,Loyal Customers
16250,5670,1,163.3,2,2,1,221,Hibernating
16253,5664,1,1700.4,2,2,5,225,Hibernating
16255,5655,3,687.42,2,4,4,244,At-Risk
16256,5675,1,752.43,2,2,4,224,Hibernating
16257,5585,1,46.95,5,2,1,521,Potential Loyalists
16258,5578,2,1833.46,5,4,5,545,Champions
16261,5655,1,254.96,2,2,2,222,Hibernating
16265,5669,3,2034.33,2,4,5,245,At-Risk
16266,5585,4,488.84,5,5,3,553,Champions
16275,5605,1,559.87,4,2,3,423,Potential Loyalists
16276,5585,1,810.6,5,2,4,524,Potential Loyalists
16279,5585,1,359.08,5,2,3,523,Potential Loyalists
16282,5748,1,168.3,1,2,1,121,Hibernating
16283,5617,1,277.81,3,2,2,322,About to Sleep
16287,5578,1,142.5,5,2,1,521,Potential Loyalists
16293,5616,3,750.99,3,4,4,344,Loyal Customers
16297,5677,1,301.9,1,2,2,122,Hibernating
16298,5595,1,114.3,4,2,1,421,Potential Loyalists
16303,5742,1,827.18,1,2,4,124,Hibernating
16306,5622,5,564.17,3,5,3,353,Loyal Customers
16308,5626,2,960.0,3,4,4,344,Loyal Customers
16309,5649,1,334.2,2,2,2,222,Hibernating
16315,5739,1,226.37,1,2,2,122,Hibernating
16316,5571,5,1884.67,5,5,5,555,Champions
16317,5706,1,570.76,1,2,3,123,Hibernating
16319,5626,1,404.4,3,2,3,323,About to Sleep
16320,5581,2,1038.46,5,4,4,544,Champions
16321,5714,3,223.65,1,4,2,142,At-Risk
16323,5605,1,207.5,4,2,2,422,Potential Loyalists
16324,5586,1,166.56,5,2,1,521,Potential Loyalists
16325,5654,1,190.82,2,2,1,221,Hibernating
16326,5582,5,918.58,5,5,4,554,Champions
16327,5608,3,1934.04,3,4,5,345,Loyal Customers
16332,5714,1,122.3,1,2,1,121,Hibernating
16333,5601,16,13087.2,4,5,5,455,Loyal Customers
16339,5693,1,109.95,1,2,1,121,Hibernating
16341,5610,1,797.65,3,2,4,324,About to Sleep
16342,5588,1,136.95,4,2,1,421,Potential Loyalists
16348,5600,3,583.32,4,4,3,443,Loyal Customers
16349,5699,1,53.5,1,2,1,121,Hibernating
16350,5742,1,376.7,1,2,3,123,Hibernating
16351,5741,1,153.9,1,2,1,121,Hibernating
16353,5626,7,1645.28,3,5,5,355,Loyal Customers
16356,5606,3,211.77,4,4,2,442,Loyal Customers
16357,5571,2,257.95,5,4,2,542,Champions
16358,5593,1,462.15,4,2,3,423,Potential Loyalists
16359,5585,6,1246.83,5,5,4,554,Champions
16365,5662,1,120.9,2,2,1,221,Hibernating
16369,5605,1,354.45,4,2,2,422,Potential Loyalists
16370,5591,2,546.58,4,4,3,443,Loyal Customers
16374,5671,1,156.3,2,2,1,221,Hibernating
16377,5676,1,676.2,2,2,4,224,Hibernating
16378,5656,3,362.95,2,4,3,243,At-Risk
16383,5677,1,309.46,1,2,2,122,Hibernating
16384,5672,1,409.1,2,2,3,223,Hibernating
16386,5662,1,61.1,2,2,1,221,Hibernating
16387,5731,1,94.36,1,2,1,121,Hibernating
16389,5614,2,670.17,3,4,4,344,Loyal Customers
16392,5678,1,221.19,1,2,2,122,Hibernating
16393,5594,4,681.29,4,5,4,454,Loyal Customers
16394,5580,3,933.1,5,4,4,544,Champions
16395,5577,3,967.25,5,4,4,544,Champions
16398,5662,1,1169.95,2,2,4,224,Hibernating
16399,5644,1,178.41,2,2,1,221,Hibernating
16401,5571,6,1971.79,5,5,5,555,Champions
16402,5673,1,87.8,2,2,1,221,Hibernating
16403,5721,1,177.5,1,2,1,121,Hibernating
16405,5711,2,167.25,1,4,1,141,At-Risk
16407,5603,5,794.74,4,5,4,454,Loyal Customers
16409,5651,2,803.56,2,4,4,244,At-Risk
16414,5689,1,50.8,1,2,1,121,Hibernating
16418,5635,1,145.91,2,2,1,221,Hibernating
16419,5577,4,750.69,5,5,4,554,Champions
16422,5573,28,20197.22,5,5,5,555,Champions
16424,5600,1,133.56,4,2,1,421,Potential Loyalists
16425,5711,1,302.7,1,2,2,122,Hibernating
16426,5685,1,328.37,1,2,2,122,Hibernating
16427,5672,2,241.06,2,4,2,242,At-Risk
16431,5622,3,642.81,3,4,3,343,Loyal Customers
16434,5601,3,724.22,4,4,4,444,Loyal Customers
16440,5623,1,272.46,3,2,2,322,About to Sleep
16441,5700,1,211.0,1,2,2,122,Hibernating
16442,5636,1,285.37,2,2,2,222,Hibernating
16444,5603,2,240.08,4,4,2,442,Loyal Customers
16446,5614,1,2.9,3,2,1,321,About to Sleep
16448,5607,1,188.89,4,2,1,421,Potential Loyalists
16449,5606,2,707.69,4,4,4,444,Loyal Customers
16455,5613,2,601.8,3,4,3,343,Loyal Customers
16456,5636,2,789.21,2,4,4,244,At-Risk
16457,5627,1,208.36,3,2,2,322,About to Sleep
16458,5579,7,1333.8,5,5,5,555,Champions
16461,5586,1,151.42,5,2,1,521,Potential Loyalists
16462,5594,2,68.0,4,4,1,441,Loyal Customers
16463,5613,1,319.37,3,2,2,322,About to Sleep
16466,5589,3,522.84,4,4,3,443,Loyal Customers
16469,5655,2,276.88,2,4,2,242,At-Risk
16470,5601,1,129.32,4,2,1,421,Potential Loyalists
16471,5683,1,223.95,1,2,2,122,Hibernating
16473,5573,3,316.11,5,4,2,542,Champions
16475,5571,2,367.9,5,4,3,543,Champions
16477,5623,3,1008.11,3,4,4,344,Loyal Customers
16483,5601,1,139.35,4,2,1,421,Potential Loyalists
16484,5582,2,404.3,5,4,3,543,Champions
16493,5582,3,782.29,5,4,4,544,Champions
16494,5705,1,826.53,1,2,4,124,Hibernating
16495,5685,2,246.51,1,4,2,142,At-Risk
16496,5616,2,1185.04,3,4,4,344,Loyal Customers
16497,5612,5,1550.7,3,5,5,355,Loyal Customers
16498,5571,1,91.22,5,2,1,521,Potential Loyalists
16500,5739,1,165.0,1,2,1,121,Hibernating
16503,5623,2,605.3,3,4,3,343,Loyal Customers
16509,5705,1,363.7,1,2,3,123,Hibernating
16511,5675,1,340.75,2,2,2,222,Hibernating
16515,5655,2,622.33,2,4,3,243,At-Risk
16517,5686,1,162.7,1,2,1,121,Hibernating
16518,5693,1,190.7,1,2,1,121,Hibernating
16520,5595,2,720.81,4,4,4,444,Loyal Customers
16523,5586,9,3227.6,5,5,5,555,Champions
16525,5572,15,7862.75,5,5,5,555,Champions
16526,5580,1,290.36,5,2,2,522,Potential Loyalists
16529,5599,1,455.25,4,2,3,423,Potential Loyalists
16531,5703,2,392.01,1,4,3,143,At-Risk
16532,5747,1,1910.4,1,2,5,125,Hibernating
16539,5628,1,306.36,3,2,2,322,About to Sleep
16545,5573,1,339.3,5,2,2,522,Potential Loyalists
16546,5699,1,487.75,1,2,3,123,Hibernating
16549,5743,1,119.49,1,2,1,121,Hibernating
16550,5573,3,1217.59,5,4,4,544,Champions
16551,5745,1,311.07,1,2,2,122,Hibernating
16552,5651,1,284.44,2,2,2,222,Hibernating
16553,5572,10,4110.38,5,5,5,555,Champions
16554,5631,2,314.11,3,4,2,342,Loyal Customers
16556,5571,4,1773.39,5,5,5,555,Champions
16558,5585,9,2875.21,5,5,5,555,Champions
16566,5579,3,463.88,5,4,3,543,Champions
16567,5603,2,865.6,4,4,4,444,Loyal Customers
16570,5571,5,1834.55,5,5,5,555,Champions
16571,5585,2,896.79,5,4,4,544,Champions
16572,5684,1,342.58,1,2,2,122,Hibernating
16573,5699,1,292.63,1,2,2,122,Hibernating
16581,5591,1,105.84,4,2,1,421,Potential Loyalists
16584,5663,1,611.94,2,2,3,223,Hibernating
16586,5657,1,463.95,2,2,3,223,Hibernating
16587,5641,1,225.15,2,2,2,222,Hibernating
16592,5592,8,1520.98,4,5,5,455,Loyal Customers
16593,5598,2,255.5,4,4,2,442,Loyal Customers
16598,5694,1,145.05,1,2,1,121,Hibernating
16600,5662,2,237.46,2,4,2,242,At-Risk
16607,5616,5,1062.24,3,5,4,354,Loyal Customers
16609,5606,3,1987.62,4,4,5,445,Loyal Customers
16610,5628,1,75.66,3,2,1,321,About to Sleep
16611,5595,1,129.49,4,2,1,421,Potential Loyalists
16612,5595,2,708.9,4,4,4,444,Loyal Customers
16614,5591,1,506.19,4,2,3,423,Potential Loyalists
16617,5644,1,151.85,2,2,1,221,Hibernating
16618,5619,4,1441.29,3,5,5,355,Loyal Customers
16619,5672,1,226.21,2,2,2,222,Hibernating
16620,5669,1,95.76,2,2,1,221,Hibernating
16621,5624,2,490.7,3,4,3,343,Loyal Customers
16623,5654,1,129.45,2,2,1,221,Hibernating
16624,5606,1,426.43,4,2,3,423,Potential Loyalists
16625,5683,1,333.08,1,2,2,122,Hibernating
16626,5577,4,1706.89,5,5,5,555,Champions
16628,5627,2,712.91,3,4,4,344,Loyal Customers
16633,5589,2,703.32,4,4,4,444,Loyal Customers
16634,5631,1,53.1,3,2,1,321,About to Sleep
16637,5634,1,303.62,2,2,2,222,Hibernating
16638,5666,4,1140.64,2,5,4,254,Cannot Lose Them
16639,5615,2,471.15,3,4,3,343,Loyal Customers
16642,5616,1,307.73,3,2,2,322,About to Sleep
16643,5654,1,487.51,2,2,3,223,Hibernating
16644,5586,2,833.78,5,4,4,544,Champions
16647,5578,2,214.06,5,4,2,542,Champions
16652,5621,3,3054.62,3,4,5,345,Loyal Customers
16654,5596,2,309.85,4,4,2,442,Loyal Customers
16655,5594,2,1230.7,4,4,4,444,Loyal Customers
16656,5601,5,3128.72,4,5,5,455,Loyal Customers
16657,5663,1,242.55,2,2,2,222,Hibernating
16659,5598,1,39.12,4,2,1,421,Potential Loyalists
16660,5619,2,384.36,3,4,3,343,Loyal Customers
16667,5693,1,203.35,1,2,1,121,Hibernating
16668,5591,3,196.74,4,4,1,441,Loyal Customers
16670,5581,6,2145.15,5,5,5,555,Champions
16671,5573,1,1382.88,5,2,5,525,Potential Loyalists
16672,5573,13,5001.54,5,5,5,555,Champions
16676,5622,3,1098.5,3,4,4,344,Loyal Customers
16678,5606,5,1266.65,4,5,4,454,Loyal Customers
16681,5614,3,875.84,3,4,4,344,Loyal Customers
16682,5596,1,525.5,4,2,3,423,Potential Loyalists
16684,5614,9,21962.54,3,5,5,355,Loyal Customers
16686,5603,3,864.59,4,4,4,444,Loyal Customers
16690,5610,1,86.5,3,2,1,321,About to Sleep
16692,5665,2,1276.0,2,4,4,244,At-Risk
16693,5680,1,157.56,1,2,1,121,Hibernating
16696,5612,3,558.9,3,4,3,343,Loyal Customers
16697,5650,1,112.75,2,2,1,221,Hibernating
16698,5635,2,1998.0,2,4,5,245,At-Risk
16700,5588,7,3005.71,4,5,5,455,Loyal Customers
16701,5582,6,2095.03,5,5,5,555,Champions
16705,5616,6,5476.77,3,5,5,355,Loyal Customers
16709,5608,4,1984.59,3,5,5,355,Loyal Customers
16710,5616,4,1112.67,3,5,4,354,Loyal Customers
16711,5711,1,384.6,1,2,3,123,Hibernating
16712,5587,5,1598.15,4,5,5,455,Loyal Customers
16713,5581,7,2382.76,5,5,5,555,Champions
16714,5627,3,1161.53,3,4,4,344,Loyal Customers
16716,5675,2,901.2,2,4,4,244,At-Risk
16717,5571,2,828.91,5,4,4,544,Champions
16719,5644,3,547.5,2,4,3,243,At-Risk
16721,5671,1,292.47,2,2,2,222,Hibernating
16722,5592,4,1453.94,4,5,5,455,Loyal Customers
16725,5711,4,453.82,1,5,3,153,Cannot Lose Them
16726,5605,3,665.62,4,4,4,444,Loyal Customers
16728,5575,3,550.0,5,4,3,543,Champions
16729,5585,12,3491.19,5,5,5,555,Champions
16730,5643,2,480.94,2,4,3,243,At-Risk
16735,5648,2,1097.92,2,4,4,244,At-Risk
16738,5706,1,3.75,1,2,1,121,Hibernating
16739,5585,1,323.0,5,2,2,522,Potential Loyalists
16743,5620,2,631.47,3,4,3,343,Loyal Customers
16744,5582,1,109.96,5,2,1,521,Potential Loyalists
16745,5571,12,4664.18,5,5,5,555,Champions
16746,5603,7,2577.54,4,5,5,455,Loyal Customers
16748,5626,3,910.2,3,4,4,344,Loyal Customers
16750,5641,1,118.7,2,2,1,221,Hibernating
16755,5635,2,908.47,2,4,4,244,At-Risk
16756,5623,1,239.4,3,2,2,322,About to Sleep
16757,5727,1,106.83,1,2,1,121,Hibernating
16763,5607,1,611.85,4,2,3,423,Potential Loyalists
16765,5703,1,34.0,1,2,1,121,Hibernating
16766,5682,2,1145.6,1,4,4,144,At-Risk
16767,5591,4,3048.24,4,5,5,455,Loyal Customers
16768,5680,1,183.25,1,2,1,121,Hibernating
16769,5669,1,380.39,2,2,3,223,Hibernating
16770,5645,2,394.28,2,4,3,243,At-Risk
16771,5684,3,1655.95,1,4,5,145,At-Risk
16774,5587,1,143.4,4,2,1,421,Potential Loyalists
16775,5572,4,574.25,5,5,3,553,Champions
16777,5666,1,177.25,2,2,1,221,Hibernating
16778,5683,1,93.18,1,2,1,121,Hibernating
16779,5572,11,4368.01,5,5,5,555,Champions
16780,5668,1,161.89,2,2,1,221,Hibernating
16782,5613,5,770.31,3,5,4,354,Loyal Customers
16788,5663,1,297.17,2,2,2,222,Hibernating
16791,5622,4,576.15,3,5,3,353,Loyal Customers
16792,5691,2,110.38,1,4,1,141,At-Risk
16794,5588,2,278.06,4,4,2,442,Loyal Customers
16801,5572,4,1619.73,5,5,5,555,Champions
16804,5679,1,118.05,1,2,1,121,Hibernating
16805,5582,1,245.82,5,2,2,522,Potential Loyalists
16806,5578,3,541.56,5,4,3,543,Champions
16807,5624,2,651.83,3,4,3,343,Loyal Customers
16808,5683,1,166.5,1,2,1,121,Hibernating
16809,5617,2,343.08,3,4,2,342,Loyal Customers
16810,5601,1,309.54,4,2,2,422,Potential Loyalists
16813,5582,3,463.41,5,4,3,543,Champions
16814,5585,12,4196.72,5,5,5,555,Champions
16816,5722,1,249.67,1,2,2,122,Hibernating
16817,5594,5,812.13,4,5,4,454,Loyal Customers
16818,5592,4,1193.17,4,5,4,454,Loyal Customers
16823,5636,1,358.38,2,2,3,223,Hibernating
16824,5573,1,222.9,5,2,2,522,Potential Loyalists
16825,5594,1,318.7,4,2,2,422,Potential Loyalists
16832,5593,3,199.15,4,4,1,441,Loyal Customers
16833,5668,3,671.29,2,4,4,244,At-Risk
16834,5636,1,413.46,2,2,3,223,Hibernating
16837,5606,8,1814.74,4,5,5,455,Loyal Customers
16838,5606,2,588.85,4,4,3,443,Loyal Customers
16839,5581,15,7195.17,5,5,5,555,Champions
16841,5579,4,1243.24,5,5,4,554,Champions
16842,5711,1,520.57,1,2,3,123,Hibernating
16843,5585,8,5741.92,5,5,5,555,Champions
16849,5595,1,124.57,4,2,1,421,Potential Loyalists
16850,5742,1,332.41,1,2,2,122,Hibernating
16852,5585,1,113.06,5,2,1,521,Potential Loyalists
16859,5670,1,259.84,2,2,2,222,Hibernating
16869,5574,2,387.68,5,4,3,543,Champions
16871,5619,4,2037.82,3,5,5,355,Loyal Customers
16872,5593,1,388.36,4,2,3,423,Potential Loyalists
16873,5606,2,1075.81,4,4,4,444,Loyal Customers
16875,5705,3,805.09,1,4,4,144,At-Risk
16877,5617,1,77.75,3,2,1,321,About to Sleep
16880,5582,3,421.06,5,4,3,543,Champions
16882,5648,2,215.7,2,4,2,242,At-Risk
16883,5596,1,148.7,4,2,1,421,Potential Loyalists
16889,5603,3,1578.67,4,4,5,445,Loyal Customers
16892,5592,1,102.98,4,2,1,421,Potential Loyalists
16897,5708,2,289.78,1,4,2,142,At-Risk
16898,5586,1,203.39,5,2,1,521,Potential Loyalists
16899,5616,1,177.0,3,2,1,321,About to Sleep
16904,5571,7,1732.94,5,5,5,555,Champions
16905,5645,2,599.53,2,4,3,243,At-Risk
16906,5595,3,394.94,4,4,3,443,Loyal Customers
16907,5643,2,401.98,2,4,3,243,At-Risk
16912,5616,5,1165.66,3,5,4,354,Loyal Customers
16913,5699,1,113.44,1,2,1,121,Hibernating
16915,5577,3,208.69,5,4,2,542,Champions
16917,5685,1,391.52,1,2,3,123,Hibernating
16918,5726,1,275.78,1,2,2,122,Hibernating
16919,5587,8,1840.7,4,5,5,455,Loyal Customers
16923,5582,11,3456.52,5,5,5,555,Champions
16927,5685,1,123.35,1,2,1,121,Hibernating
16928,5573,8,1340.71,5,5,5,555,Champions
16931,5582,8,1722.68,5,5,5,555,Champions
16933,5648,1,224.73,2,2,2,222,Hibernating
16938,5588,3,2410.75,4,4,5,445,Loyal Customers
16940,5578,2,1868.36,5,4,5,545,Champions
16942,5585,5,1077.9,5,5,4,554,Champions
16943,5620,3,816.73,3,4,4,344,Loyal Customers
16945,5573,9,1813.91,5,5,5,555,Champions
16947,5644,1,406.48,2,2,3,223,Hibernating
16948,5670,2,240.54,2,4,2,242,At-Risk
16949,5594,4,893.75,4,5,4,454,Loyal Customers
16951,5713,1,1053.79,1,2,4,124,Hibernating
16954,5663,2,594.68,2,4,3,243,At-Risk
16955,5593,2,329.57,4,4,2,442,Loyal Customers
16957,5648,2,416.64,2,4,3,243,At-Risk
16960,5661,1,201.53,2,2,1,221,Hibernating
16963,5596,1,110.55,4,2,1,421,Potential Loyalists
16965,5635,1,201.19,2,2,1,221,Hibernating
16966,5579,4,1486.56,5,5,5,555,Champions
16967,5598,1,319.02,4,2,2,422,Potential Loyalists
16969,5600,1,397.36,4,2,3,423,Potential Loyalists
16976,5676,1,251.52,2,2,2,222,Hibernating
16979,5706,1,347.15,1,2,2,122,Hibernating
16980,5664,2,1078.96,2,4,4,244,At-Risk
16983,5589,3,721.73,4,4,4,444,Loyal Customers
16985,5620,5,1982.04,3,5,5,355,Loyal Customers
16987,5579,3,629.45,5,4,3,543,Champions
16990,5627,1,179.0,3,2,1,321,About to Sleep
16992,5608,2,671.15,3,4,4,344,Loyal Customers
16996,5654,2,573.34,2,4,3,243,At-Risk
16997,5697,3,702.0,1,4,4,144,At-Risk
16998,5613,3,287.1,3,4,2,342,Loyal Customers
17001,5582,5,1812.43,5,5,5,555,Champions
17002,5624,2,993.52,3,4,4,344,Loyal Customers
17007,5610,2,255.61,3,4,2,342,Loyal Customers
17015,5594,1,524.5,4,2,3,423,Potential Loyalists
17017,5571,9,3073.64,5,5,5,555,Champions
17018,5734,1,405.0,1,2,3,123,Hibernating
17019,5670,2,637.11,2,4,3,243,At-Risk
17026,5594,1,121.68,4,2,1,421,Potential Loyalists
17027,5588,4,655.88,4,5,3,453,Loyal Customers
17029,5645,1,358.0,2,2,3,223,Hibernating
17033,5623,1,300.3,3,2,2,322,About to Sleep
17034,5696,1,141.8,1,2,1,121,Hibernating
17035,5654,2,433.53,2,4,3,243,At-Risk
17042,5605,2,495.39,4,4,3,443,Loyal Customers
17043,5587,2,324.97,4,4,2,442,Loyal Customers
17045,5656,1,39.95,2,2,1,221,Hibernating
17047,5614,2,749.43,3,4,4,344,Loyal Customers
17048,5691,2,760.4,1,4,4,144,At-Risk
17049,5623,3,1581.8,3,4,5,345,Loyal Customers
17050,5596,5,2660.59,4,5,5,455,Loyal Customers
17051,5603,1,247.14,4,2,2,422,Potential Loyalists
17054,5616,3,918.82,3,4,4,344,Loyal Customers
17058,5608,2,819.66,3,4,4,344,Loyal Customers
17059,5606,2,788.31,4,4,4,444,Loyal Customers
17060,5675,1,234.24,2,2,2,222,Hibernating
17061,5577,8,3922.13,5,5,5,555,Champions
17062,5722,1,102.64,1,2,1,121,Hibernating
17063,5572,4,671.87,5,5,4,554,Champions
17064,5591,2,461.3,4,4,3,443,Loyal Customers
17068,5598,9,2351.4,4,5,5,455,Loyal Customers
17069,5635,2,489.87,2,4,3,243,At-Risk
17071,5596,4,1044.02,4,5,4,454,Loyal Customers
17075,5662,3,696.07,2,4,4,244,At-Risk
17076,5682,1,182.7,1,2,1,121,Hibernating
17080,5678,1,76.32,1,2,1,121,Hibernating
17082,5727,1,636.94,1,2,3,123,Hibernating
17083,5704,2,996.02,1,4,4,144,At-Risk
17085,5659,2,478.46,2,4,3,243,At-Risk
17088,5591,2,1399.11,4,4,5,445,Loyal Customers
17090,5636,2,587.85,2,4,3,243,At-Risk
17091,5594,4,1700.96,4,5,5,455,Loyal Customers
17092,5686,1,134.9,1,2,1,121,Hibernating
17094,5731,1,302.0,1,2,2,122,Hibernating
17095,5708,2,543.96,1,4,3,143,At-Risk
17096,5670,1,133.49,2,2,1,221,Hibernating
17097,5733,1,112.92,1,2,1,121,Hibernating
17101,5587,1,230.58,4,2,2,422,Potential Loyalists
17102,5670,1,25.5,2,2,1,221,Hibernating
17105,5715,1,319.4,1,2,2,122,Hibernating
17107,5617,2,4118.81,3,4,5,345,Loyal Customers
17109,5641,2,464.59,2,4,3,243,At-Risk
17110,5574,1,163.3,5,2,1,521,Potential Loyalists
17114,5575,5,491.59,5,5,3,553,Champions
17115,5591,2,612.82,4,4,3,443,Loyal Customers
17117,5697,1,116.2,1,2,1,121,Hibernating
17118,5726,1,157.02,1,2,1,121,Hibernating
17120,5642,1,307.46,2,2,2,222,Hibernating
17124,5594,1,298.89,4,2,2,422,Potential Loyalists
17126,5708,1,302.67,1,2,2,122,Hibernating
17128,5743,1,157.09,1,2,1,121,Hibernating
17133,5599,3,2478.79,4,4,5,445,Loyal Customers
17134,5673,1,330.5,2,2,2,222,Hibernating
17135,5698,1,284.97,1,2,2,122,Hibernating
17138,5684,1,380.5,1,2,3,123,Hibernating
17139,5584,6,5594.87,5,5,5,555,Champions
17140,5656,1,465.32,2,2,3,223,Hibernating
17142,5648,1,579.0,2,2,3,223,Hibernating
17146,5672,1,265.63,2,2,2,222,Hibernating
17147,5615,2,973.11,3,4,4,344,Loyal Customers
17152,5603,3,1689.5,4,4,5,445,Loyal Customers
17155,5586,1,143.3,5,2,1,521,Potential Loyalists
17157,5585,1,161.46,5,2,1,521,Potential Loyalists
17158,5641,1,284.76,2,2,2,222,Hibernating
17159,5580,1,528.45,5,2,3,523,Potential Loyalists
17160,5634,2,1205.07,2,4,4,244,At-Risk
17162,5599,8,1165.28,4,5,4,454,Loyal Customers
17164,5621,2,943.22,3,4,4,344,Loyal Customers
17165,5693,1,158.68,1,2,1,121,Hibernating
17166,5612,1,127.59,3,2,1,321,About to Sleep
17169,5592,1,308.68,4,2,2,422,Potential Loyalists
17171,5698,1,224.91,1,2,2,122,Hibernating
17174,5626,1,59.9,3,2,1,321,About to Sleep
17175,5589,2,821.7,4,4,4,444,Loyal Customers
17176,5610,1,306.13,3,2,2,322,About to Sleep
17179,5587,2,468.79,4,4,3,443,Loyal Customers
17180,5650,3,564.86,2,4,3,243,At-Risk
17187,5635,1,203.95,2,2,1,221,Hibernating
17188,5573,4,1301.45,5,5,4,554,Champions
17190,5616,1,195.0,3,2,1,321,About to Sleep
17191,5600,2,665.59,4,4,3,443,Loyal Customers
17193,5585,2,448.56,5,4,3,543,Champions
17194,5682,1,10.0,1,2,1,121,Hibernating
17204,5584,4,1564.56,5,5,5,555,Champions
17211,5589,3,685.18,4,4,4,444,Loyal Customers
17212,5662,1,226.85,2,2,2,222,Hibernating
17213,5725,1,321.1,1,2,2,122,Hibernating
17214,5658,3,442.62,2,4,3,243,At-Risk
17217,5643,1,113.5,2,2,1,221,Hibernating
17218,5623,2,342.3,3,4,2,342,Loyal Customers
17220,5615,4,1147.28,3,5,4,354,Loyal Customers
17223,5719,1,133.95,1,2,1,121,Hibernating
17226,5717,1,393.49,1,2,3,123,Hibernating
17227,5581,2,331.5,5,4,2,542,Champions
17228,5616,2,331.63,3,4,2,342,Loyal Customers
17230,5673,2,878.4,2,4,4,244,At-Risk
17231,5599,5,1501.44,4,5,5,455,Loyal Customers
17234,5591,1,149.89,4,2,1,421,Potential Loyalists
17236,5588,4,571.45,4,5,3,453,Loyal Customers
17238,5593,7,1178.1,4,5,4,454,Loyal Customers
17239,5721,1,382.5,1,2,3,123,Hibernating
17242,5589,1,709.44,4,2,4,424,Potential Loyalists
17243,5587,9,2442.05,4,5,5,455,Loyal Customers
17245,5613,1,171.45,3,2,1,321,About to Sleep
17250,5670,1,162.65,2,2,1,221,Hibernating
17252,5595,1,341.96,4,2,2,422,Potential Loyalists
17255,5708,1,112.46,1,2,1,121,Hibernating
17256,5721,1,127.9,1,2,1,121,Hibernating
17262,5636,3,686.5,2,4,4,244,At-Risk
17263,5617,1,63.44,3,2,1,321,About to Sleep
17265,5589,1,384.09,4,2,3,423,Potential Loyalists
17268,5652,2,276.48,2,4,2,242,At-Risk
17272,5608,2,1409.44,3,4,5,345,Loyal Customers
17277,5636,2,1065.35,2,4,4,244,At-Risk
17278,5650,1,246.04,2,2,2,222,Hibernating
17282,5582,2,1016.41,5,4,4,544,Champions
17284,5575,4,1221.17,5,5,4,554,Champions
17287,5614,2,277.64,3,4,2,342,Loyal Customers
17288,5616,4,530.14,3,5,3,353,Loyal Customers
17289,5589,1,167.36,4,2,1,421,Potential Loyalists
17291,5717,1,550.8,1,2,3,123,Hibernating
17293,5717,1,123.21,1,2,1,121,Hibernating
17299,5582,1,151.63,5,2,1,521,Potential Loyalists
17302,5617,2,303.12,3,4,2,342,Loyal Customers
17306,5584,10,4150.64,5,5,5,555,Champions
17311,5725,1,556.46,1,2,3,123,Hibernating
17314,5578,4,1304.05,5,5,4,554,Champions
17315,5600,19,2793.48,4,5,5,455,Loyal Customers
17320,5645,1,459.18,2,2,3,223,Hibernating
17323,5575,3,432.74,5,4,3,543,Champions
17324,5740,1,575.18,1,2,3,123,Hibernating
17325,5689,1,96.8,1,2,1,121,Hibernating
17329,5724,1,243.36,1,2,2,122,Hibernating
17334,5711,2,307.02,1,4,2,142,At-Risk
17337,5620,3,1994.92,3,4,5,345,Loyal Customers
17338,5614,4,2875.65,3,5,5,355,Loyal Customers
17340,5601,2,1442.42,4,4,5,445,Loyal Customers
17345,5605,2,128.33,4,4,1,441,Loyal Customers
17346,5587,5,864.35,4,5,4,454,Loyal Customers
17348,5706,1,160.15,1,2,1,121,Hibernating
17349,5588,1,110.75,4,2,1,421,Potential Loyalists
17351,5578,2,427.3,5,4,3,543,Champions
17356,5720,1,178.22,1,3,1,131,At-Risk
17358,5712,1,119.15,1,3,1,131,At-Risk
17360,5593,1,330.95,4,3,2,432,Potential Loyalists
17361,5595,2,263.92,4,4,2,442,Loyal Customers
17362,5648,2,312.23,2,4,2,242,At-Risk
17364,5613,5,2101.85,3,5,5,355,Loyal Customers
17365,5578,5,2371.01,5,5,5,555,Champions
17367,5647,1,168.4,2,3,1,231,At-Risk
17368,5582,5,1614.87,5,5,5,555,Champions
17370,5578,1,110.7,5,3,1,531,Potential Loyalists
17372,5575,4,690.35,5,5,4,554,Champions
17373,5721,1,145.25,1,3,1,131,At-Risk
17374,5627,2,495.77,3,4,3,343,Loyal Customers
17375,5608,2,290.39,3,4,2,342,Loyal Customers
17376,5720,1,105.85,1,3,1,131,At-Risk
17377,5582,5,945.61,5,5,4,554,Champions
17381,5588,15,10728.25,4,5,5,455,Loyal Customers
17384,5628,1,227.65,3,3,2,332,Need Attention
17386,5574,2,613.32,5,4,3,543,Champions
17388,5620,2,763.2,3,4,4,344,Loyal Customers
17389,5572,17,5838.8,5,5,5,555,Champions
17391,5572,2,508.8,5,4,3,543,Champions
17392,5715,1,145.5,1,3,1,131,At-Risk
17394,5628,1,203.87,3,3,1,331,Need Attention
17398,5619,2,528.45,3,4,3,343,Loyal Customers
17400,5619,3,888.35,3,4,4,344,Loyal Customers
17402,5575,4,702.34,5,5,4,554,Champions
17404,5620,4,10019.32,3,5,5,355,Loyal Customers
17406,5742,2,1498.32,1,4,5,145,At-Risk
17408,5572,1,32.65,5,3,1,531,Potential Loyalists
17409,5593,2,771.85,4,4,4,444,Loyal Customers
17410,5624,1,302.4,3,3,2,332,Need Attention
17411,5670,1,285.58,2,3,2,232,At-Risk
17412,5605,2,262.06,4,4,2,442,Loyal Customers
17414,5593,1,598.0,4,3,3,433,Potential Loyalists
17416,5585,4,4385.75,5,5,5,555,Champions
17418,5732,1,167.39,1,3,1,131,At-Risk
17419,5658,5,1671.53,2,5,5,255,Cannot Lose Them
17420,5580,1,260.66,5,3,2,532,Potential Loyalists
17422,5589,3,1003.11,4,4,4,444,Loyal Customers
17423,5626,1,449.42,3,3,3,333,Need Attention
17426,5584,3,3279.23,5,4,5,545,Champions
17428,5581,15,7716.69,5,5,5,555,Champions
17429,5594,2,376.14,4,4,3,443,Loyal Customers
17431,5722,1,403.3,1,3,3,133,At-Risk
17436,5635,1,122.4,2,3,1,231,At-Risk
17438,5662,1,388.45,2,3,3,233,At-Risk
17440,5656,2,124.62,2,4,1,241,At-Risk
17442,5573,3,1069.01,5,4,4,544,Champions
17443,5628,1,534.24,3,3,3,333,Need Attention
17444,5581,1,1171.46,5,3,4,534,Potential Loyalists
17446,5585,2,120.9,5,4,1,541,Champions
17449,5643,2,638.43,2,4,3,243,At-Risk
17450,5585,13,59136.9,5,5,5,555,Champions
17454,5601,3,351.68,4,4,2,442,Loyal Customers
17455,5612,1,131.7,3,3,1,331,Need Attention
17457,5613,4,1397.64,3,5,5,355,Loyal Customers
17460,5634,3,392.28,2,4,3,243,At-Risk
17462,5693,1,463.41,1,3,3,133,At-Risk
17463,5585,3,1245.64,5,4,4,544,Champions
17469,5613,1,305.36,3,3,2,332,Need Attention
17470,5626,2,444.71,3,4,3,343,Loyal Customers
17472,5600,3,710.29,4,4,4,444,Loyal Customers
17483,5592,1,155.1,4,3,1,431,Potential Loyalists
17486,5670,1,396.87,2,3,3,233,At-Risk
17489,5621,1,208.56,3,3,2,332,Need Attention
17490,5585,1,305.2,5,3,2,532,Potential Loyalists
17491,5593,3,997.46,4,4,4,444,Loyal Customers
17492,5657,1,374.57,2,3,3,233,At-Risk
17499,5698,1,622.88,1,3,3,133,At-Risk
17501,5629,2,288.6,3,4,2,342,Loyal Customers
17504,5615,9,2997.03,3,5,5,355,Loyal Customers
17505,5614,1,486.99,3,3,3,333,Need Attention
17507,5670,2,605.58,2,4,3,243,At-Risk
17508,5689,1,387.31,1,3,3,133,At-Risk
17511,5586,13,33454.76,5,5,5,555,Champions
17512,5609,6,1302.42,3,5,4,354,Loyal Customers
17515,5615,3,571.37,3,4,3,343,Loyal Customers
17516,5626,3,455.21,3,4,3,343,Loyal Customers
17517,5717,1,153.94,1,3,1,131,At-Risk
17519,5582,3,820.8,5,4,4,544,Champions
17521,5608,1,159.56,3,3,1,331,Need Attention
17522,5592,3,787.54,4,4,4,444,Loyal Customers
17526,5699,1,634.2,1,3,3,133,At-Risk
17527,5627,1,292.11,3,3,2,332,Need Attention
17530,5615,5,1067.22,3,5,4,354,Loyal Customers
17531,5599,1,296.7,4,3,2,432,Potential Loyalists
17535,5689,1,164.4,1,3,1,131,At-Risk
17536,5586,1,76.5,5,3,1,531,Potential Loyalists
17537,5712,1,630.7,1,3,3,133,At-Risk
17540,5725,1,268.8,1,3,2,132,At-Risk
17542,5678,1,170.75,1,3,1,131,At-Risk
17548,5642,1,103.3,2,3,1,231,At-Risk
17550,5606,3,267.16,4,4,2,442,Loyal Customers
17555,5743,1,195.45,1,3,1,131,At-Risk
17556,5614,1,157.9,3,3,1,331,Need Attention
17560,5613,2,486.05,3,4,3,343,Loyal Customers
17562,5582,1,300.1,5,3,2,532,Potential Loyalists
17567,5642,3,1356.02,2,4,5,245,At-Risk
17569,5741,1,344.14,1,3,2,132,At-Risk
17571,5686,2,359.95,1,4,3,143,At-Risk
17572,5647,1,81.4,2,3,1,231,At-Risk
17574,5651,1,185.65,2,3,1,231,At-Risk
17576,5592,8,1437.89,4,5,5,455,Loyal Customers
17578,5627,1,143.46,3,3,1,331,Need Attention
17579,5588,1,164.41,4,3,1,431,Potential Loyalists
17580,5661,2,168.87,2,4,1,241,At-Risk
17581,5586,11,3956.71,5,5,5,555,Champions
17582,5645,1,175.27,2,3,1,231,At-Risk
17585,5579,3,813.52,5,4,4,544,Champions
17588,5581,2,702.24,5,4,4,544,Champions
17589,5596,2,1211.42,4,4,4,444,Loyal Customers
17591,5612,4,1242.97,3,5,4,354,Loyal Customers
17593,5575,1,852.84,5,3,4,534,Potential Loyalists
17594,5663,1,315.0,2,3,2,232,At-Risk
17596,5600,2,896.24,4,4,4,444,Loyal Customers
17597,5622,1,2044.37,3,3,5,335,Need Attention
17601,5648,1,116.01,2,3,1,231,At-Risk
17602,5733,1,767.05,1,3,4,134,At-Risk
17604,5626,2,309.36,3,4,2,342,Loyal Customers
17609,5711,2,537.69,1,4,3,143,At-Risk
17611,5578,6,1892.63,5,5,5,555,Champions
17612,5623,2,665.75,3,4,4,344,Loyal Customers
17613,5578,8,2835.36,5,5,5,555,Champions
17615,5612,2,272.3,3,4,2,342,Loyal Customers
17616,5582,2,244.8,5,4,2,542,Champions
17618,5657,1,346.5,2,3,2,232,At-Risk
17619,5721,1,218.52,1,3,2,132,At-Risk
17621,5721,1,662.38,1,3,3,133,At-Risk
17624,5627,1,400.3,3,3,3,333,Need Attention
17625,5666,1,549.68,2,3,3,233,At-Risk
17629,5580,3,476.48,5,4,3,543,Champions
17630,5578,2,503.6,5,4,3,543,Champions
17631,5641,1,302.55,2,3,2,232,At-Risk
17634,5621,5,1814.67,3,5,5,355,Loyal Customers
17639,5685,1,108.5,1,3,1,131,At-Risk
17642,5585,1,395.3,5,3,3,533,Potential Loyalists
17644,5587,4,954.32,4,5,4,454,Loyal Customers
17646,5628,2,757.39,3,4,4,344,Loyal Customers
17648,5601,3,1107.39,4,4,4,444,Loyal Customers
17651,5578,2,705.0,5,4,4,544,Champions
17652,5578,5,2349.43,5,5,5,555,Champions
17654,5686,1,117.55,1,3,1,131,At-Risk
17655,5619,3,926.6,3,4,4,344,Loyal Customers
17658,5620,1,317.6,3,3,2,332,Need Attention
17659,5578,4,782.92,5,5,4,554,Champions
17663,5607,3,790.81,4,4,4,444,Loyal Customers
17664,5621,1,326.19,3,3,2,332,Need Attention
17667,5620,3,1356.67,3,4,5,345,Loyal Customers
17669,5579,4,2064.72,5,5,5,555,Champions
17670,5636,1,205.7,2,3,2,232,At-Risk
17671,5620,1,392.55,3,3,3,333,Need Attention
17672,5718,1,1177.84,1,3,4,134,At-Risk
17673,5571,4,1209.77,5,5,4,554,Champions
17675,5571,13,7765.3,5,5,5,555,Champions
17677,5584,10,5721.74,5,5,5,555,Champions
17678,5672,1,298.11,2,3,2,232,At-Risk
17682,5601,2,715.91,4,4,4,444,Loyal Customers
17685,5675,3,1049.7,2,4,4,244,At-Risk
17686,5609,4,3036.75,3,5,5,355,Loyal Customers
17690,5595,6,2376.03,4,5,5,455,Loyal Customers
17692,5635,2,280.2,2,4,2,242,At-Risk
17695,5580,1,353.6,5,3,2,532,Potential Loyalists
17696,5594,2,661.99,4,4,3,443,Loyal Customers
17697,5645,1,338.95,2,3,2,232,At-Risk
17698,5669,1,154.95,2,3,1,231,At-Risk
17700,5622,2,1125.57,3,4,4,344,Loyal Customers
17701,5661,1,417.95,2,3,3,233,At-Risk
17702,5572,2,775.13,5,4,4,544,Champions
17704,5577,2,885.19,5,4,4,544,Champions
17705,5624,3,357.3,3,4,2,342,Loyal Customers
17706,5571,3,3375.61,5,4,5,545,Champions
17707,5594,2,152.4,4,4,1,441,Loyal Customers
17708,5596,2,267.08,4,4,2,442,Loyal Customers
17709,5578,1,137.45,5,3,1,531,Potential Loyalists
17711,5698,1,220.53,1,3,2,132,At-Risk
17714,5729,1,153.0,1,3,1,131,At-Risk
17715,5609,1,326.4,3,3,2,332,Need Attention
17716,5586,3,2626.94,5,4,5,545,Champions
17718,5641,1,139.35,2,3,1,231,At-Risk
17719,5588,6,2282.86,4,5,5,455,Loyal Customers
17720,5634,1,430.38,2,3,3,233,At-Risk
17722,5598,2,1190.74,4,4,4,444,Loyal Customers
17723,5581,4,1823.9,5,5,5,555,Champions
17725,5588,5,1580.11,4,5,5,455,Loyal Customers
17730,5572,6,2373.61,5,5,5,555,Champions
17731,5592,2,662.57,4,4,3,443,Loyal Customers
17733,5670,1,216.95,2,3,2,232,At-Risk
17734,5642,1,112.98,2,3,1,231,At-Risk
17735,5574,10,6368.44,5,5,5,555,Champions
17738,5691,1,779.92,1,3,4,134,At-Risk
17739,5605,2,710.71,4,4,4,444,Loyal Customers
17742,5741,1,302.57,1,3,2,132,At-Risk
17744,5659,3,911.44,2,4,4,244,At-Risk
17746,5649,1,110.25,2,3,1,231,At-Risk
17749,5587,2,674.52,4,4,4,444,Loyal Customers
17750,5573,1,323.0,5,3,2,532,Potential Loyalists
17754,5669,1,264.24,2,3,2,232,At-Risk
17757,5572,13,2242.16,5,5,5,555,Champions
17758,5617,3,1054.83,3,5,4,354,Loyal Customers
17759,5578,2,167.15,5,4,1,541,Champions
17763,5672,1,15.0,2,3,1,231,At-Risk
17764,5620,1,261.97,3,3,2,332,Need Attention
17765,5619,2,262.55,3,4,2,342,Loyal Customers
17768,5575,1,411.33,5,3,3,533,Potential Loyalists
17769,5582,3,1508.88,5,5,5,555,Champions
17770,5607,5,1143.27,4,5,4,454,Loyal Customers
17771,5732,1,115.8,1,3,1,131,At-Risk
17774,5658,2,594.99,2,4,3,243,At-Risk
17775,5663,1,56.4,2,3,1,231,At-Risk
17781,5662,1,102.0,2,3,1,231,At-Risk
17783,5656,1,112.41,2,3,1,231,At-Risk
17786,5726,1,114.85,1,3,1,131,At-Risk
17787,5713,2,979.89,1,4,4,144,At-Risk
17789,5690,1,225.9,1,3,2,132,At-Risk
17790,5607,4,497.46,4,5,3,453,Loyal Customers
17795,5588,2,350.39,4,4,2,442,Loyal Customers
17796,5722,2,507.35,1,4,3,143,At-Risk
17797,5591,1,272.41,4,3,2,432,Potential Loyalists
17799,5572,7,1920.78,5,5,5,555,Champions
17800,5626,3,354.85,3,5,2,352,Loyal Customers
17802,5589,1,532.22,4,3,3,433,Potential Loyalists
17809,5581,4,1489.2,5,5,5,555,Champions
17811,5575,19,4190.29,5,5,5,555,Champions
17816,5678,1,5.1,1,3,1,131,At-Risk
17817,5686,2,269.7,1,4,2,142,At-Risk
17819,5591,4,2488.35,4,5,5,455,Loyal Customers
17827,5651,1,312.01,2,3,2,232,At-Risk
17828,5579,2,863.16,5,4,4,544,Champions
17829,5707,1,889.24,1,3,4,134,At-Risk
17830,5670,2,287.65,2,4,2,242,At-Risk
17837,5572,1,119.8,5,3,1,531,Potential Loyalists
17838,5701,1,752.14,1,3,4,134,At-Risk
17841,5571,50,12225.39,5,5,5,555,Champions
17843,5712,1,205.48,1,3,1,131,At-Risk
17848,5578,4,435.63,5,5,3,553,Champions
17849,5627,4,605.8,3,5,3,353,Loyal Customers
17854,5594,2,311.26,4,4,2,442,Loyal Customers
17856,5642,3,1142.63,2,5,4,254,Cannot Lose Them
17857,5581,9,8374.58,5,5,5,555,Champions
17858,5577,5,1547.35,5,5,5,555,Champions
17859,5713,1,148.21,1,3,1,131,At-Risk
17861,5662,2,457.98,2,4,3,243,At-Risk
17862,5732,1,330.9,1,3,2,132,At-Risk
17863,5663,2,987.18,2,4,4,244,At-Risk
17864,5684,1,208.41,1,3,2,132,At-Risk
17865,5585,6,3183.83,5,5,5,555,Champions
17867,5612,2,604.05,3,4,3,343,Loyal Customers
17869,5624,2,96.64,3,4,1,341,Loyal Customers
17871,5613,1,155.9,3,3,1,331,Need Attention
17873,5593,3,1371.97,4,5,5,455,Loyal Customers
17874,5594,6,683.46,4,5,4,454,Loyal Customers
17877,5579,1,237.61,5,3,2,532,Potential Loyalists
17879,5582,1,178.52,5,3,1,531,Potential Loyalists
17881,5713,1,133.35,1,3,1,131,At-Risk
17883,5655,1,119.35,2,3,1,231,At-Risk
17884,5720,1,278.22,1,3,2,132,At-Risk
17886,5619,2,396.26,3,4,3,343,Loyal Customers
17888,5621,2,149.35,3,4,1,341,Loyal Customers
17889,5621,2,203.87,3,4,1,341,Loyal Customers
17890,5731,1,125.13,1,3,1,131,At-Risk
17891,5571,1,203.86,5,3,1,531,Potential Loyalists
17893,5634,1,112.25,2,3,1,231,At-Risk
17894,5694,2,352.0,1,4,2,142,At-Risk
17897,5581,1,131.98,5,3,1,531,Potential Loyalists
17898,5616,1,99.84,3,3,1,331,Need Attention
17900,5599,2,112.2,4,4,1,441,Loyal Customers
17906,5656,1,72.9,2,3,1,231,At-Risk
17912,5719,1,21.6,1,3,1,131,At-Risk
17917,5665,1,119.55,2,3,1,231,At-Risk
17920,5609,3,837.68,3,5,4,354,Loyal Customers
17921,5571,2,442.46,5,4,3,543,Champions
17923,5691,1,207.5,1,3,2,132,At-Risk
17924,5710,1,223.2,1,3,2,132,At-Risk
17926,5612,1,211.73,3,3,2,332,Need Attention
17928,5655,1,78.26,2,3,1,231,At-Risk
17929,5663,2,435.0,2,4,3,243,At-Risk
17930,5571,2,694.14,5,4,4,544,Champions
17931,5664,1,297.2,2,3,2,232,At-Risk
17932,5582,2,934.51,5,4,4,544,Champions
17937,5666,2,1173.6,2,4,4,244,At-Risk
17940,5573,7,3677.44,5,5,5,555,Champions
17946,5642,2,149.58,2,4,1,241,At-Risk
17949,5571,20,29007.98,5,5,5,555,Champions
17954,5571,7,1520.52,5,5,5,555,Champions
17955,5607,4,557.3,4,5,3,453,Loyal Customers
17956,5658,1,12.75,2,3,1,231,At-Risk
17960,5580,1,73.78,5,3,1,531,Potential Loyalists
17961,5578,22,398.7,5,5,3,553,Champions
17965,5573,5,1313.29,5,5,5,555,Champions
17966,5593,2,283.5,4,4,2,442,Loyal Customers
17969,5575,1,103.0,5,3,1,531,Potential Loyalists
17970,5620,1,582.59,3,3,3,333,Need Attention
17972,5650,1,136.04,2,3,1,231,At-Risk
17974,5628,1,172.77,3,3,1,331,Need Attention
17975,5601,5,2159.63,4,5,5,455,Loyal Customers
17979,5577,3,504.54,5,5,3,553,Champions
17980,5574,2,516.25,5,4,3,543,Champions
17987,5594,1,198.57,4,3,1,431,Potential Loyalists
17988,5735,1,64.99,1,3,1,131,At-Risk
17990,5645,1,314.84,2,3,2,232,At-Risk
17991,5634,2,93.35,2,4,1,241,At-Risk
17994,5598,3,557.78,4,5,3,453,Loyal Customers
17995,5690,1,76.1,1,3,1,131,At-Risk
17997,5573,1,322.53,5,3,2,532,Potential Loyalists
18008,5612,7,2065.41,3,5,5,355,Loyal Customers
18009,5644,1,257.34,2,3,2,232,At-Risk
18010,5665,1,174.8,2,3,1,231,At-Risk
18016,5595,2,332.11,4,4,2,442,Loyal Customers
18017,5578,2,344.0,5,4,2,542,Champions
18018,5608,1,37.45,3,3,1,331,Need Attention
18032,5743,1,73.5,1,3,1,131,At-Risk
18036,5654,1,110.8,2,3,1,231,At-Risk
18037,5634,4,29.52,2,5,1,251,Cannot Lose Them
18040,5654,1,239.0,2,3,2,232,At-Risk
18041,5592,11,2101.72,4,5,5,455,Loyal Customers
18043,5615,1,135.35,3,3,1,331,Need Attention
18044,5575,6,1031.28,5,5,4,554,Champions
18048,5612,2,172.29,3,4,1,341,Loyal Customers
18055,5612,3,1611.41,3,5,5,355,Loyal Customers
18056,5697,1,363.65,1,3,3,133,At-Risk
18061,5591,5,933.21,4,5,4,454,Loyal Customers
18062,5582,3,720.52,5,5,4,554,Champions
18064,5644,1,408.0,2,3,3,233,At-Risk
18065,5592,6,1067.13,4,5,4,454,Loyal Customers
18068,5698,1,101.7,1,3,1,131,At-Risk
18069,5589,3,993.87,4,5,4,454,Loyal Customers
18071,5666,1,194.05,2,3,1,231,At-Risk
18072,5594,1,247.44,4,3,2,432,Potential Loyalists
18073,5574,7,1381.28,5,5,5,555,Champions
18075,5572,6,1354.0,5,5,5,555,Champions
18077,5582,3,716.94,5,5,4,554,Champions
18078,5626,2,336.13,3,4,2,342,Loyal Customers
18079,5647,1,1612.83,2,3,5,235,At-Risk
18080,5651,1,841.5,2,3,4,234,At-Risk
18085,5739,1,386.05,1,3,3,133,At-Risk
18086,5683,1,101.34,1,3,1,131,At-Risk
18087,5699,1,3202.92,1,3,5,135,At-Risk
18092,5593,4,1817.4,4,5,5,455,Loyal Customers
18093,5706,2,1117.52,1,4,4,144,At-Risk
18094,5627,3,1777.2,3,5,5,355,Loyal Customers
18095,5721,2,580.05,1,4,3,143,At-Risk
18097,5614,2,1274.04,3,4,4,344,Loyal Customers
18102,5587,16,78766.94,4,5,5,455,Loyal Customers
18106,5738,1,430.7,1,3,3,133,At-Risk
18108,5663,1,271.0,2,3,2,232,At-Risk
18109,5582,11,2689.59,5,5,5,555,Champions
18112,5575,1,196.64,5,3,1,531,Potential Loyalists
18114,5699,1,220.1,1,3,2,132,At-Risk
18116,5643,4,588.9,2,5,3,253,Cannot Lose Them
18118,5577,15,3335.07,5,5,5,555,Champions
18120,5623,1,111.15,3,3,1,331,Need Attention
18125,5610,3,945.14,3,5,4,354,Loyal Customers
18129,5652,1,112.55,2,3,1,231,At-Risk
18133,5621,1,931.5,3,3,4,334,Need Attention
18135,5599,1,109.82,4,3,1,431,Potential Loyalists
18136,5620,2,600.85,3,4,3,343,Loyal Customers
18138,5704,1,152.65,1,3,1,131,At-Risk
18142,5624,1,282.48,3,3,2,332,Need Attention
18144,5621,5,1103.0,3,5,4,354,Loyal Customers
18145,5613,2,1023.78,3,4,4,344,Loyal Customers
18146,5629,1,76.65,3,3,1,331,Need Attention
18149,5624,2,549.68,3,4,3,343,Loyal Customers
18150,5610,1,227.58,3,3,2,332,Need Attention
18151,5698,1,312.55,1,3,2,132,At-Risk
18155,5579,2,266.56,5,4,2,542,Champions
18159,5710,1,530.15,1,3,3,133,At-Risk
18160,5609,1,318.55,3,3,2,332,Need Attention
18161,5661,2,546.32,2,4,3,243,At-Risk
18165,5586,1,302.46,5,3,2,532,Potential Loyalists
18168,5585,4,720.0,5,5,4,554,Champions
18170,5626,1,304.21,3,3,2,332,Need Attention
18171,5571,3,684.42,5,5,4,554,Champions
18172,5620,7,3720.16,3,5,5,355,Loyal Customers
18173,5608,3,1728.84,3,5,5,355,Loyal Customers
18177,5613,4,713.65,3,5,4,354,Loyal Customers
18178,5628,2,799.29,3,4,4,344,Loyal Customers
18179,5661,4,1103.16,2,5,4,254,Cannot Lose Them
18183,5636,2,632.07,2,4,3,243,At-Risk
18185,5658,1,304.25,2,3,2,232,At-Risk
18188,5699,1,426.6,1,3,3,133,At-Risk
18189,5676,1,633.1,2,3,3,233,At-Risk
18190,5601,2,284.46,4,4,2,442,Loyal Customers
18191,5670,1,207.8,2,3,2,232,At-Risk
18193,5574,1,243.76,5,3,2,532,Potential Loyalists
18196,5699,1,450.78,1,3,3,133,At-Risk
18198,5578,12,3812.31,5,5,5,555,Champions
18202,5608,3,1396.99,3,5,5,355,Loyal Customers
18204,5601,1,549.43,4,3,3,433,Potential Loyalists
18210,5676,1,142.4,2,3,1,231,At-Risk
18211,5687,1,137.9,1,3,1,131,At-Risk
18212,5735,1,248.42,1,3,2,132,At-Risk
18213,5645,1,232.48,2,3,2,232,At-Risk
18218,5620,2,662.08,3,4,3,343,Loyal Customers
18219,5577,5,791.22,5,5,4,554,Champions
18220,5635,1,305.28,2,3,2,232,At-Risk
18221,5593,2,537.01,4,4,3,443,Loyal Customers
18223,5581,8,2631.65,5,5,5,555,Champions
18224,5672,1,158.95,2,3,1,231,At-Risk
18225,5613,4,1638.07,3,5,5,355,Loyal Customers
18226,5594,6,2600.34,4,5,5,455,Loyal Customers
18227,5626,1,93.75,3,3,1,331,Need Attention
18229,5580,8,2967.04,5,5,5,555,Champions
18230,5582,4,1643.28,5,5,5,555,Champions
18231,5601,5,2083.27,4,5,5,455,Loyal Customers
18232,5601,2,370.98,4,4,3,443,Loyal Customers
18233,5734,1,440.0,1,3,3,133,At-Risk
18235,5626,1,430.46,3,3,3,333,Need Attention
18236,5595,2,304.5,4,4,2,442,Loyal Customers
18239,5627,4,1123.51,3,5,4,354,Loyal Customers
18241,5573,3,487.83,5,5,3,553,Champions
18242,5605,2,694.08,4,4,4,444,Loyal Customers
18245,5620,3,940.56,3,5,4,354,Loyal Customers
18246,5642,1,232.9,2,3,2,232,At-Risk
18248,5595,1,496.46,4,3,3,433,Potential Loyalists
18250,5719,1,349.27,1,3,2,132,At-Risk
18252,5580,1,69.9,5,3,1,531,Potential Loyalists
18257,5577,4,935.6,5,5,4,554,Champions
18260,5581,5,2412.5,5,5,5,555,Champions
18263,5661,1,307.6,2,3,2,232,At-Risk
18270,5675,1,111.95,2,3,1,231,At-Risk
18272,5634,2,980.54,2,4,4,244,At-Risk
18273,5666,1,51.0,2,3,1,231,At-Risk
18280,5686,1,180.6,1,3,1,131,At-Risk
18281,5589,1,80.82,4,3,1,431,Potential Loyalists
18283,5578,7,842.58,5,5,4,554,Champions
18287,5610,1,765.28,3,3,4,334,Need Attention
19997,1,1,8.0,5,3,1,531,Potential Loyalists
19998,1,1,12.0,5,3,1,531,Potential Loyalists
19999,1,1,12.5,5,3,1,531,Potential Loyalists
